,date,year,co2_pg,ch4_tg,n2o_tg,hist_forcing_wm2,co2_forcing_rcp,ch4_forcing_rcp,n2o_forcing_rcp,total_forcing_rcp,rcp_co2_ppm,rcp_ch4_ppb,rcp_n2o_ppb,co2_pg_atm,ch4_tg_atm,n2o_tg_atm,ch4_co2_decay_marginal,co2_ppm,ch4_ppb,n2o_ppb,co2_forcing,ch4_forcing,n2o_forcing,total_forcing_ghg,rcp_nonghg_forcing,historic_nonghg_forcings,total_forcing,t_os,t_eq,t_s
0,0,1900.0,4.3570470109,123.73905,0.9325222,0.24220999999999998,,,,0.03605504730863143,277.01467,721.89411,272.95961,4.374710002131666,123.73905,0.9325222,0.017662991231666255,277.56690686562797,764.7519134081463,273.0773259483956,0.0106547650728702,0.02499698269712476,0.00040329953863646847,0.03605504730863143,0.20615495269136855,0.20615495269136855,0.24220999999999998,0.018709336586136514,0.12189610873325302,0.048633500508800304
1,1,1901.0,4.6056414339,124.8415,0.9446669,0.247364,,,,0.06861896140586674,277.01467,721.89411,272.95961,8.466328382790184,236.80522251222249,1.869044853304708,0.0338024945952483,278.0834079614217,803.9130981242112,273.1955468897605,0.020600882566671478,0.047209838519439565,0.0008082403197556897,0.06861896140586674,0.17874503859413327,0.17874503859413327,0.247364,0.03130195639197697,0.1244899427797878,0.05832647244444211
2,2,1902.0,4.657133222100001,125.94396,0.95993065,0.25251799999999996,,,,0.09818618567027688,277.01467,721.89411,272.95961,12.311400789449866,340.2141861153903,2.812652071680368,0.048563490557302746,278.5687865883322,839.7294473910329,273.31466214366435,0.02993086037873927,0.06703917094060557,0.001216154350932046,0.09818618567027688,0.1543318143297231,0.1543318143297231,0.25251799999999996,0.04073859421734053,0.12708377682632255,0.06577869717394531
3,3,1903.0,4.9312723865,127.04642,0.97764708,0.25767199999999996,,,,0.12592741394312304,277.01467,721.89411,272.95961,16.25680425377537,434.88494574385516,3.7657346615912433,0.06207716144141533,279.0668303996283,872.5192643862064,273.4349735110191,0.03948740597142328,0.08481193513285754,0.001628072838842235,0.12592741394312304,0.13174458605687692,0.13174458605687692,0.25767199999999996,0.04823463427835542,0.1296776108728573,0.07185309749076096
4,4,1904.0,5.0363161541,128.14887,0.99722904,0.262826,,,,0.15176872784986464,277.01467,721.89411,272.95961,20.160077151693304,521.6490414495782,4.7300753992291,0.07446220449511287,279.55955590367006,902.5705582715358,273.55670603868174,0.048925134638958444,0.10079882986436227,0.002044763346543942,0.15176872784986464,0.11105727215013536,0.11105727215013536,0.262826,0.054466412832693156,0.1322714449193921,0.07702987213783585
5,5,1905.0,5.258431784,129.25133,1.0181293,0.26798,,,,0.1762961589959368,277.01467,721.89411,272.95961,24.16972168077254,601.2589017861696,5.7068942607873625,0.085826024284253,280.06570911746985,930.1439374404854,273.6800137290499,0.0586027550091306,0.11522665437922447,0.0024667496075817495,0.1762961589959368,0.09168384100406318,0.09168384100406318,0.26798,0.059832818502797314,0.13486527896592687,0.08159223203710489
6,6,1906.0,5.5179691561,130.35378,1.0397413,0.273134,,,,0.199789253440797,277.01467,721.89411,272.95961,28.32259652329777,674.3953322633344,6.696794007713562,0.09626580162401373,280.58994285759525,955.4752031917894,273.8049726710739,0.06860765308571093,0.12828731206659433,0.002894288288491742,0.199789253440797,0.07334474655920298,0.07334474655920298,0.273134,0.06458190448825132,0.13745911301246164,0.08571629496027232
7,7,1907.0,5.827089219099999,131.45623999999998,1.0614586000000001,0.27828800000000004,,,,0.22251568314320508,277.01467,721.89411,272.95961,32.66274459455135,741.6743711806586,7.699765697196716,0.10586947220716132,281.1378168346274,978.7777242908903,273.93158173586767,0.07904376437268554,0.14014454710438107,0.00332737166613848,0.22251568314320508,0.05577231685679496,0.05577231685679496,0.27828800000000004,0.06887531385520579,0.14005294705899643,0.08951682748430508
8,8,1908.0,5.7303848659,132.5587,1.0826746,0.283442,,,,0.24361748633424896,277.01467,721.89411,272.95961,36.77480875789167,803.6534230425509,8.7151938645285,0.11471660211145258,281.6568988820586,1000.2445613170376,274.0597632308981,0.08891269051461871,0.15093906564834936,0.0037657301712809062,0.24361748633424896,0.03982451366575107,0.03982451366575107,0.283442,0.07282273178426346,0.14264678110553117,0.0930717060874311
9,9,1909.0,5.8807274802,133.66115,1.1027829,0.288596,,,,0.2639186932160022,277.01467,721.89411,272.95961,40.951176820655725,860.8368383015826,9.741862020203898,0.12287918427380969,282.18409826386124,1020.0503992427205,274.1893635939059,0.0989173461848123,0.16079251195535782,0.004208835075832104,0.2639186932160022,0.02467730678399782,0.02467730678399782,0.288596,0.0765012093939547,0.14524061515206593,0.09643563706380696
10,10,1910.0,6.0224027656,134.76361,1.121177,0.29375,,,,0.28348207827101524,277.01467,721.89411,272.95961,45.17453236816034,913.6809921190427,10.777957799012556,0.13042236345227123,282.71722906083977,1038.3533064945423,274.32015404289587,0.10901557209679082,0.1698106051380683,0.004655901036156109,0.28348207827101524,0.010267921728984775,0.010267921728984775,0.29375,0.07996649524621131,0.1478344491986007,0.09964820189240424
11,11,1911.0,5.9266611268,135.96943000000002,1.1389722,0.302692,,,,0.30184455082116984,277.01467,721.89411,272.95961,49.20500896933341,962.7021798175285,11.822799964160192,0.1374198376407689,283.22601198911025,1055.3321052263536,274.45204858266555,0.11863487382924774,0.178103045658262,0.005106631333660148,0.30184455082116984,0.000847449178830173,0.000847449178830173,0.302692,0.08325995522614181,0.15233465564875862,0.10329161834870068
12,12,1912.0,5.970533738099999,137.17525,1.1575596000000001,0.311634,,,,0.31948902316609185,277.01467,721.89411,272.95961,53.21116336144892,1008.2642047236826,12.877104328480861,0.1439235375351382,283.7317246291814,1071.1128010237194,274.585137573087,0.1281790185411723,0.18574867266270717,0.005561331962212396,0.31948902316609185,-0.007855023166091823,-0.007855023166091823,0.311634,0.08670555636015875,0.15683486209891653,0.10704305502439851
13,13,1913.0,6.1141457192,138.38107,1.1767464,0.320576,,,,0.3367167559569729,277.01467,721.89411,272.95961,57.29034997226143,1050.696249700257,13.941387653208059,0.14998045197211599,284.2466564137269,1085.8094084553397,274.71948624696506,0.13787968988375496,0.19281684329837356,0.006020222774844355,0.3367167559569729,-0.016140755956972896,-0.016140755956972896,0.320576,0.09023186968651666,0.16133506854907445,0.11085179735665841
14,14,1914.0,5.7427848417,139.5869,1.1962611,0.329518,,,,0.352337330806661,277.01467,721.89411,272.95961,60.91520008256724,1090.2961817188464,15.015890686405548,0.15563309963685007,284.7042355132126,1099.5250956327397,274.8551249948756,0.1464851732208932,0.19936875317215783,0.0064834044136100315,0.352337330806661,-0.022819330806661042,-0.022819330806661042,0.329518,0.09380234031642945,0.16583527499923234,0.1146918913744423
15,15,1915.0,5.6655611421,140.79272,1.2158443,0.33846,,,,0.3672470870631985,277.01467,721.89411,272.95961,64.43907533709854,1127.3335019609465,16.10059267354734,0.16091995017175098,285.149068159143,1112.3532059964487,274.99205119689304,0.1548376917507656,0.20545853060444813,0.006950864707984746,0.3672470870631985,-0.02878708706319849,-0.02878708706319849,0.33846,0.09739758562205415,0.17033548144939026,0.11854957541198162
16,16,1916.0,5.9054574449,141.99854,1.2353216999999999,0.347402,,,,0.3822305330423421,277.01467,721.89411,272.95961,68.17298905404209,1162.0520751797792,17.195298741368525,0.16587581377616845,285.6204147870487,1124.3782036477485,275.13024025339803,0.16367385103354085,0.21113416554795533,0.007422516460845928,0.3822305330423421,-0.034828533042342125,-0.034828533042342125,0.347402,0.10100705291815223,0.17483568789954818,0.12241735706275707
17,17,1917.0,6.1149403843,143.20436,1.2545190000000002,0.356344,,,,0.39716080644651997,277.01467,721.89411,272.95961,72.046226331194,1194.6725593290003,18.29964141854324,0.17053218802100398,286.109348776439,1135.6765148659601,275.2696457770385,0.1728243191309621,0.2164382891153225,0.00789819820023535,0.39716080644651997,-0.04081680644651997,-0.04081680644651997,0.356344,0.10462491031911483,0.1793358943497061,0.1262910956879863
18,18,1918.0,6.0566166342,144.41019,1.2732618,0.365286,,,,0.41140809181805027,277.01467,721.89411,272.95961,75.77620675929423,1225.3946239816644,19.41308204308168,0.17491757451442438,286.5801988898097,1146.3172964718983,275.41019977039076,0.18162157650853597,0.22140884042588818,0.008377674883626111,0.41140809181805027,-0.04612209181805027,-0.04612209181805027,0.365286,0.10824793451510756,0.183836100799864,0.13016850273768693
19,19,1919.0,5.5991514278,145.61601000000002,1.2913758999999998,0.374228,,,,0.4241303090239602,277.01467,721.89411,272.95961,78.99009794061688,1254.3989176387145,20.534912457435546,0.1790577597230967,286.98590102585484,1156.3631172176206,275.5518128399398,0.1891900391151752,0.2260796311816589,0.008860638727126086,0.4241303090239602,-0.0499023090239602,-0.0499023090239602,0.374228,0.11187438130950852,0.18833630725002193,0.1340483398322574
20,20,1920.0,6.0675499679,146.82183,1.3086868999999999,0.38316999999999996,,,,0.4376866286605247,277.01467,721.89411,272.95961,82.67693122578993,1281.848907823317,21.664256288799134,0.18297607763437812,287.45130450551517,1165.8705951147538,275.69437435769635,0.19785907773943637,0.23048084106438327,0.00934670985670508,0.4376866286605247,-0.05451662866052476,-0.05451662866052476,0.38316999999999996,0.11550336011145088,0.19283651370017982,0.13792997465218226
21,21,1921.0,5.726728922,147.86155,1.3257923999999999,0.392923,,,,0.44997925681331863,277.01467,721.89411,272.95961,85.94448462056057,1307.7264060670648,22.800842418228832,0.18666993195584555,287.86378063401764,1174.833430472106,275.8378500992488,0.20553051804266625,0.23461296959118827,0.009835769179464104,0.44997925681331863,-0.05705625681331861,-0.05705625681331861,0.392923,0.11913447701438944,0.19774486904667843,0.14193149070375324
22,22,1922.0,5.8460930663,148.90128,1.343275,0.40267600000000003,,,,0.46226252070724855,277.01467,721.89411,272.95961,89.31476079796815,1332.1810647631678,23.944984694616963,0.1901606846497013,288.28922386376433,1183.3034563435742,275.98227968297823,0.21343161957324067,0.23850295181607595,0.010327949317931937,0.46226252070724855,-0.059586520707248514,-0.059586520707248514,0.40267600000000003,0.12283027123354948,0.20265322439317698,0.14597892764984147
23,23,1923.0,6.3244676206,149.941,1.3609385,0.412429,,,,0.4753372075297322,277.01467,721.89411,272.95961,93.12025530971815,1355.3482749967002,25.096798025834975,0.19346766196379162,288.76960641719285,1191.327566288688,276.1276776141578,0.22233902075891784,0.24217488957752162,0.010823297193292726,0.4753372075297322,-0.0629082075297322,-0.0629082075297322,0.412429,0.12657031980293415,0.20756157973967554,0.15005778518458915
24,24,1924.0,6.311888328599999,150.98072,1.3796194,0.42218199999999995,,,,0.4879417006918219,277.01467,721.89411,272.95961,96.8133210200122,1377.350553687506,26.257232816198535,0.1966083524377556,289.2357966404116,1198.9481948183382,276.2741638660656,0.23096910698943954,0.24565037487388128,0.011322218828501089,0.4879417006918219,-0.06575970069182197,-0.06575970069182197,0.42218199999999995,0.13034286906800777,0.21246993508617407,0.154159718213276
25,25,1925.0,6.3604349418,152.02045,1.3998973999999997,0.431935,,,,0.5003171629382634,277.01467,721.89411,272.95961,100.48825659472382,1398.2987687290022,27.427810869601924,0.1995985817840857,289.69969822524223,1206.203741729358,276.4219305419983,0.23954302941100294,0.24894876816751532,0.011825365359745254,0.5003171629382634,-0.06838216293826344,-0.06838216293826344,0.431935,0.1341407140784313,0.21737829043267268,0.1582796112211613
26,26,1926.0,6.4022535642,153.06017,1.4211909,0.441688,,,,0.5124841688803329,277.01467,721.89411,272.95961,104.14616359917243,1418.2932175396118,28.60945909916056,0.20245266684473395,290.1614502266117,1213.1289456676404,276.57109464984734,0.24806359933051247,0.2520874379555633,0.012333131594257083,0.5124841688803329,-0.07079616888033285,-0.07079616888033285,0.441688,0.13795918361060616,0.22228664577917123,0.16241414763949003
27,27,1927.0,6.8232009861,154.09989,1.4429184,0.451441,,,,0.5253506780782792,277.01467,721.89411,272.95961,108.17091971479707,1437.4246629764557,29.80251482273053,0.20518356346144523,290.6695110354714,1219.7552429234051,276.72169877057365,0.25742303848550485,0.2550819809691099,0.012845658623664331,0.5253506780782792,-0.0739096780782792,-0.0739096780782792,0.451441,0.14179509890650135,0.2271950011256698,0.1665610705500602
28,28,1928.0,6.843344074699999,155.13962,1.4644982,0.46119399999999994,,,,0.5378925888352224,277.01467,721.89411,272.95961,112.1168665399624,1455.7752406688255,31.006730712179195,0.2078029959920516,291.16762343734536,1226.1110816918904,276.87371168297346,0.26658334071848927,0.257946411823517,0.013362836293216076,0.5378925888352224,-0.07669858883522246,-0.07669858883522246,0.46119399999999994,0.1456462055407888,0.23210335647216832,0.17071877931088886
29,29,1929.0,7.2270594567,156.17934,1.4853488000000001,0.470947,,,,0.5510289263081409,277.01467,721.89411,272.95961,116.37521170355753,1473.4192500074578,32.2212800994312,0.21032157021934453,291.7051711113078,1232.2221960374957,277.0270290334812,0.27645129440557453,0.2606933260730484,0.013884305829517983,0.5510289263081409,-0.08008192630814093,-0.08008192630814093,0.470947,0.14951084712698193,0.23701171181866693,0.1748860978875706
30,30,1930.0,7.1523886825,157.21906,1.5048887,0.4807,,,,0.5636316259081068,277.01467,721.89411,272.95961,120.45486021846482,1490.4239298612283,33.44476203617357,0.2127488840798794,292.2201612038255,1238.1118745681727,277.1814739748761,0.2858881095490523,0.26333405399207177,0.01440946236698274,0.5636316259081068,-0.08293162590810677,-0.08293162590810677,0.4807,0.15338776896374387,0.24192006716516548,0.17906213544215616
31,31,1931.0,6.7650607727,158.34545,1.5226236000000002,0.4891,,,,0.5750979312161688,277.01467,721.89411,272.95961,124.08372630016416,1506.9367904746418,34.67529350937174,0.21510599375725678,292.67824725519,1243.8312083910507,277.33680880701,0.2942682345090213,0.2658922018360101,0.014937494871137345,0.5750979312161688,-0.08599793121616883,-0.08599793121616883,0.4891,0.1572759948874367,0.2461475033294829,0.18304873233563013
32,32,1932.0,6.0893592732,159.47183,1.5385171999999998,0.4975,,,,0.5849102292564733,277.01467,721.89411,272.95961,127.03201952986994,1523.0046246364707,35.91097165141475,0.21739957863537118,293.05042191621476,1249.3964044847849,277.4927933234132,0.30106706410110984,0.26837558045735277,0.015467584698010666,0.5849102292564733,-0.08741022925647329,-0.08741022925647329,0.4975,0.16107023570048828,0.25037493949380035,0.1869685998005488
33,33,1933.0,6.2448297216,160.59821000000002,1.5526746,0.5059,,,,0.5951467341160879,277.01467,721.89411,272.95961,130.19724487425057,1538.66978221289,37.1500153135167,0.21963568389813948,293.4499807720784,1254.8221309936582,277.64920268266263,0.3083565397767464,0.27079122801642086,0.015998966322920628,0.5951467341160879,-0.08924673411608786,-0.08924673411608786,0.5059,0.16480402685313575,0.2546023756581178,0.19084554800658055
34,34,1934.0,6.4953955585,161.7246,1.5653127,0.5143,,,,0.6058736537443513,277.01467,721.89411,272.95961,133.6066182457409,1553.9705929474635,38.39087580267694,0.22181978088160714,293.8803593945494,1260.1216636670351,277.80584138714397,0.3161971905481094,0.2731454884538224,0.016530974742419536,0.6058736537443513,-0.09157365374435134,-0.09157365374435134,0.5143,0.16849669665725278,0.2588298118224352,0.19469330005515567
35,35,1935.0,6.6856968025,162.85098,1.5771213,0.5227,,,,0.6168588596870118,277.01467,721.89411,272.95961,137.15770061238598,1568.9417190263919,39.63270775151155,0.22395681740047732,294.32862650134894,1265.3070079725658,277.9626027228044,0.32435153549408136,0.27544407706406887,0.017063247128861547,0.6168588596870118,-0.09415885968701176,-0.09415885968701176,0.5227,0.17216013888387682,0.2630572479867527,0.19852030052371084
36,36,1936.0,7.0878707431,163.97736,1.5889151000000001,0.5311,,,,0.6285626369518968,277.01467,721.89411,272.95961,141.04980487581346,1583.6145340927408,40.875487875710746,0.2260512718500693,294.8199421446911,1270.389030370165,278.1194837503737,0.3332747152864669,0.2776921483866377,0.017595773278792193,0.6285626369518968,-0.09746263695189683,-0.09746263695189683,0.5311,0.17580210978877048,0.2672846841510701,0.2023320563538374
37,37,1937.0,7.2985254034,165.10375,1.6015088,0.5395,,,,0.6404722631054809,277.01467,721.89411,272.95961,145.05821792020092,1598.0174361926943,42.12000779431982,0.22810719787747946,295.3259399033302,1275.377566702928,278.2765843990406,0.34244901863905763,0.2798943524335013,0.018128892032921874,0.6404722631054809,-0.10097226310548091,-0.10097226310548091,0.5395,0.1794279241814286,0.2715121203153875,0.2061323410602767
38,38,1938.0,7.0606477474,166.23013,1.615717,0.5479,,,,0.6515818602555259,277.01467,721.89411,272.95961,148.74078386528512,1612.1761009410413,43.3678668127248,0.23012826051940355,295.7908046998517,1280.2815098825995,278.4341065554198,0.3508636920408836,0.2820548805297166,0.01866328768492577,0.6515818602555259,-0.10368186025552584,-0.10368186025552584,0.5479,0.18304137719653546,0.27573955647970494,0.20992384918865462
39,39,1939.0,7.2351985992,167.35651000000001,1.6323545,0.5563,,,,0.6629714880930377,277.01467,721.89411,272.95961,152.567603742789,1626.1137705947722,44.6214650686682,0.2321177774656199,296.2738792381516,1285.1089100120435,278.5923531983474,0.3595939859547818,0.28417751558998144,0.019199986548274463,0.6629714880930377,-0.10667148809303773,-0.10667148809303773,0.5563,0.18664527231121378,0.27996699264402236,0.21370857120772827
40,40,1940.0,7.581604797899999,168.4829,1.6522358,0.5647,,,,0.6749819368569511,277.01467,721.89411,272.95961,156.68702550437152,1639.8514856176928,45.8839962381247,0.23407875211342044,296.79389006417375,1289.867054589115,278.75172747811416,0.3689759108415272,0.2862656726827215,0.019740353332702423,0.6749819368569511,-0.11028193685695109,-0.11028193685695109,0.5647,0.19024173889843166,0.2841944288083398,0.21748801897230502
41,41,1941.0,7.649618008599999,170.03046,1.7002043999999998,0.562869,,,,0.6869823679002866,277.01467,721.89411,272.95961,160.78809829856007,1653.8294442087454,47.183469604880536,0.2360740200585874,297.31158462780684,1294.7084090470855,278.91576511687754,0.3782997320632941,0.2883862682291585,0.02029636760783396,0.6869823679002866,-0.1241133679002866,-0.1241133679002866,0.562869,0.19383243177424309,0.28327294837776057,0.21977018158926315
42,42,1942.0,7.747552399,171.57803,1.7938613,0.561038,,,,0.6990979472839836,277.01467,721.89411,272.95961,164.91895651323867,1668.0247941696875,48.56525083171773,0.2381003192898369,297.8330391223256,1299.6250583824076,279.09019280084294,0.38767487265347816,0.29053565733461717,0.020887417295888125,0.6990979472839836,-0.13805994728398352,-0.13805994728398352,0.561038,0.19662837535066602,0.2823514679471814,0.22148807220365552
43,43,1943.0,7.907989752000001,173.12559,1.9231581999999998,0.559207,,,,0.7114913538836188,277.01467,721.89411,272.95961,169.14647533109255,1682.4168379764628,50.06426107728593,0.24015469536242504,298.36669546531,1304.6098338765803,279.279418765342,0.3972524086093811,0.29271054635124094,0.021528398922996732,0.7114913538836188,-0.15228435388361883,-0.15228435388361883,0.559207,0.1988889955354038,0.28142998751660225,0.22282588320995134
44,44,1944.0,7.8956330088,174.67315,2.0866797,0.557376,,,,0.7237687056106622,277.01467,721.89411,272.95961,173.291879363913,1696.9868577348461,51.71370111389674,0.24223447641163773,298.8899861357158,1309.6562524684282,279.48763407456596,0.40662729176862933,0.29490796390460094,0.022233449937431878,0.7237687056106622,-0.16639270561066222,-0.16639270561066222,0.557376,0.20076527800570707,0.28050850708602304,0.2238908144389987
45,45,1945.0,7.0799709213,176.22072,2.280402,0.555545,,,,0.7341698501545166,277.01467,721.89411,272.95961,176.57026322184169,1711.7179267937543,53.54245795263608,0.2443372462617417,299.3038294362193,1314.7584515051794,279.7184852496448,0.41402978224341264,0.29712523005190217,0.023014837859201838,0.7341698501545166,-0.17862485015451668,-0.17862485015451668,0.555545,0.20235122157264981,0.2795870266554438,0.22474960504666008
46,46,1946.0,7.6341465364,177.76828,2.4903635,0.553714,,,,0.7460405041307481,277.01467,721.89411,272.95961,180.46107614824177,1726.5947092859262,55.565204717893934,0.24646081581165105,299.7949820690048,1319.9111193121107,279.9738245368343,0.42280184829872164,0.2993599238310193,0.0238787320010072,0.7460405041307481,-0.19232650413074803,-0.19232650413074803,0.553714,0.20370894308584686,0.27866554622486467,0.22544635799616203
47,47,1947.0,8.302200379799999,179.31583999999998,2.7026031,0.551883,,,,0.7593687573770399,277.01467,721.89411,272.95961,184.96293077505857,1741.6033387448263,57.78252528532051,0.24860320570822642,300.363268901141,1325.1094531507433,280.2537256410564,0.43293362756087317,0.30160986290937813,0.02482526690678869,0.7593687573770399,-0.2074857573770399,-0.2074857573770399,0.551883,0.20488163019146974,0.27774406579428546,0.2260117365162863
48,48,1948.0,8.6029587148,180.86341000000002,2.9031595,0.5500520000000001,,,,0.7731602045619647,277.01467,721.89411,272.95961,189.63957975534905,1756.7312782726747,60.181037131247955,0.25076262638612523,300.9536207126347,1330.3491107871553,280.5564992336651,0.4434385152857758,0.3038730806150415,0.025848608661147306,0.7731602045619647,-0.22310820456196456,-0.22310820456196456,0.5500520000000001,0.205900606677627,0.2768225853637063,0.22646798049659
49,49,1949.0,8.4451339247,182.41097,3.0780722000000003,0.548221,,,,0.7863951746841945,277.01467,721.89411,272.95961,194.0427781036212,1771.9671640152578,62.733514109198104,0.2529374557247853,301.5094537743469,1335.6261562784905,280.8787084510084,0.45331034926141184,0.30614780067133623,0.02693702475144642,0.7863951746841945,-0.23817417468419455,-0.23817417468419455,0.548221,0.20678939721389006,0.27590110493312703,0.2268317924524688
50,50,1950.0,9.2569681655,183.95853,3.2133814999999997,0.5463899999999999,,,,0.8013595304758608,277.01467,721.89411,272.95961,199.20205105835026,1787.3007235320674,65.39900815411352,0.2551262273962635,302.16072911009496,1340.9370316999402,281.21518425763253,0.4648541508169222,0.3084324233190997,0.028072956339838858,0.8013595304758608,-0.2549695304758609,-0.2549695304758609,0.5463899999999999,0.20756618381175745,0.2749796245025478,0.22711608161208666
51,51,1951.0,10.483428767,189.11003,3.3186021,0.553909,,,,0.8192811029767104,277.01467,721.89411,272.95961,205.43956343501006,1806.3266019345585,68.14644352367587,0.2578420549656363,302.9481148528125,1347.5267651449703,281.5620038402479,0.4787773189976916,0.31126069810022805,0.029243085878790757,0.8192811029767104,-0.26537210297671043,-0.26537210297671043,0.553909,0.20824535756906415,0.278763683135822,0.22869567198342391
52,52,1952.0,10.663690725999999,194.26153,3.4111061,0.5614279999999999,,,,0.8375342466558827,277.01467,721.89411,272.95961,211.61040823389337,1828.6934286241344,70.96238797769725,0.2610347824328192,303.727084884735,1355.2736571820915,281.9174715942964,0.49251611024162933,0.3145765025354341,0.030441633878819284,0.8375342466558827,-0.2761062466558828,-0.2761062466558828,0.5614279999999999,0.2095607720052989,0.28254774176909614,0.2307269932368001
53,53,1953.0,10.810047757,199.41303,3.4887221,0.568947,,,,0.8561595661161361,277.01467,721.89411,272.95961,217.7583806813009,1854.0832703355882,73.83135518738217,0.26465902677219993,304.50316764968835,1364.0675896119383,282.2796326195287,0.5061689827467698,0.3183286226366191,0.03166196073274716,0.8561595661161361,-0.2872125661161361,-0.2872125661161361,0.568947,0.21128584514686413,0.2863318004023703,0.23304917217096094
54,54,1954.0,11.072909672,204.56453,3.5543489,0.576466,,,,0.8754471431107201,277.01467,721.89411,272.95961,224.0378452949636,1882.2084491541214,76.74089287485148,0.26867372372405796,305.29584918843744,1373.8089233673181,282.64691501588675,0.520077987201925,0.32247042343852195,0.03289873247027315,0.8754471431107201,-0.2989811431107201,-0.2989811431107201,0.576466,0.2132913258991953,0.29011585903564446,0.23557044050876558
55,55,1955.0,11.869460785000001,209.71603,3.614111,0.5839850000000001,,,,0.8965320129687762,277.01467,721.89411,272.95961,230.98468561820505,1912.8086633380833,79.68478201505046,0.2730417168096553,306.17277619028573,1384.407501291938,283.0185337313553,0.5354232150079123,0.32695952234471903,0.034149275616144815,0.8965320129687762,-0.3125470129687761,-0.3125470129687761,0.5839850000000001,0.2154986601017739,0.2938999176689186,0.23823502479624586
56,56,1956.0,12.561266061000001,214.86753,3.6706801,0.591504,,,,0.9189849943589645,277.01467,721.89411,272.95961,238.4275513314331,1945.648382131646,82.65952959720677,0.277729385456708,307.11231842983074,1395.7817458172785,283.39404782943353,0.5518154441948139,0.33175746986024746,0.03541208030390314,0.9189849943589645,-0.3274809943589645,-0.3274809943589645,0.591504,0.2178573329908829,0.29768397630219273,0.24100705955116275
57,57,1957.0,12.998669506,220.01902,3.7267318,0.599023,,,,0.9421561773681287,277.01467,721.89411,272.95961,246.0904430523454,1980.514478493841,85.66434871699771,0.28270630708595856,308.07963541850916,1407.8578390433088,283.773357976091,0.5686399495286352,0.3368294397728615,0.03668678806663207,0.9421561773681287,-0.34313317736812876,-0.34313317736812876,0.599023,0.22033324579503927,0.30146803493546687,0.2438623346457633
58,58,1958.0,13.393964839,225.17052,3.7849451000000003,0.606542,,,,0.9659576044742053,277.01467,721.89411,272.95961,253.94909617708677,2017.214127103202,88.70113834258355,0.2879449570642179,309.07166413985294,1420.5689946990865,284.15670388555424,0.5858394862843951,0.342143938774178,0.03797417941563234,0.9659576044742053,-0.3594156044742053,-0.3594156044742053,0.606542,0.22290242196561605,0.305252093568741,0.2467838267305223
59,59,1959.0,13.452736219,230.32202,3.8480013,0.614061,,,,0.9896499462617717,277.01467,721.89411,272.95961,261.6779873012558,2055.572842393723,91.7744621573556,0.29342042864602236,310.0473124930263,1433.854778604088,284.54466164954374,0.6027012631230655,0.3476725221740425,0.03927616096466377,0.9896499462617717,-0.37558894626177175,-0.37558894626177175,0.614061,0.22554741883313628,0.30903615220201514,0.24975915151011113
60,60,1960.0,13.833269710999998,235.47352,3.9185827000000004,0.62158,,,,1.0140108705060025,277.01467,721.89411,272.95961,269.6443062669186,2095.4327432963746,94.8915262874629,0.29911018527611316,311.05293229732115,1447.6605076504484,284.9381409257319,0.6200255862072429,0.35338953229255504,0.040595752006204515,1.0140108705060025,-0.39243087050600245,-0.39243087050600245,0.62158,0.2282551819210293,0.31282021083528927,0.2527790403061647
61,61,1961.0,14.086641006,238.52217000000002,4.0240052,0.642117,,,,1.0384113365214291,277.01467,721.89411,272.95961,277.70183324597076,2134.5481231123,98.0867898238565,0.30469366608279413,312.0700656482076,1461.208367104565,285.34149162082565,0.6374913779633247,0.3589724705471213,0.04194748801098307,1.0384113365214291,-0.3962943365214291,-0.3962943365214291,0.642117,0.2310157057389166,0.3231557889908354,0.25773632988197304
62,62,1962.0,14.443548139000002,241.57082999999997,4.1836477,0.662654,,,,1.0631211259476574,277.01467,721.89411,272.95961,285.9603695942928,2172.9898423904365,101.41378980664959,0.31018098597526106,313.1125732030969,1474.5228999662081,285.7614719261594,0.655333909862504,0.3644332927255074,0.04335392335964604,1.0631211259476574,-0.40046712594765743,-0.40046712594765743,0.662654,0.23482673169257115,0.33349136714638145,0.26343947597417616
63,63,1963.0,15.018721549,244.61947999999998,4.3883117,0.683191,,,,1.08861227128797,277.01467,721.89411,272.95961,294.6277980389169,2210.821998406929,104.91639720653768,0.31558129444695454,314.2066968170008,1487.6263067327964,286.20361984707233,0.6739960729733886,0.3697827383596316,0.04483345995494978,1.08861227128797,-0.40542127128797,-0.40542127128797,0.683191,0.2393532807566245,0.34382694530192753,0.26965064347476236
64,64,1964.0,15.632687592999998,247.66813,4.6374693,0.703728,,,,1.1149161288729834,277.01467,721.89411,272.95961,303.7099577282984,2248.102598775626,108.63757194407977,0.32090287172933685,315.353173588616,1500.538678708654,286.67335838345826,0.6934816145298607,0.37503046399283635,0.04640405035028648,1.1149161288729834,-0.4111881288729834,-0.4111881288729834,0.703728,0.24439930435667967,0.3541625234574736,0.2762306378959099
65,65,1965.0,16.181968786,250.71679,4.8968181,0.7242649999999999,,,,1.1418497993654748,277.01467,721.89411,272.95961,313.1198334232577,2284.884140956068,112.58559634641756,0.3261532115131016,316.5410192417453,1513.278198721276,287.1717330460776,0.7135956836316646,0.3801851572527525,0.04806895848105791,1.1418497993654748,-0.4175847993654749,-0.4175847993654749,0.7242649999999999,0.24984198682198883,0.36449810161301965,0.2830922601113878
66,66,1966.0,16.877217255999998,253.76543999999998,5.195583,0.7448020000000001,,,,1.169728795148191,277.01467,721.89411,272.95961,322.99835736054075,2321.2141066140002,116.7979053064196,0.33133909151511287,317.7880242074454,1525.8613123462178,287.70346938882824,0.7346304611801978,0.3852546340847718,0.049843699883221224,1.169728795148191,-0.4249267951481909,-0.4249267951481909,0.7448020000000001,0.2555996374095656,0.37483367976856585,0.2901775096936757
67,67,1967.0,17.280655218,256.81408999999996,5.457478,0.765339,,,,1.1978655874454065,277.01467,721.89411,272.95961,333.0305626154615,2357.1354689372583,121.23532077674594,0.33646664589463277,319.054428970873,1538.302903619167,288.26362181256104,0.7559081708594377,0.3902459336659624,0.05171148292000658,1.1978655874454065,-0.4325265874454065,-0.4325265874454065,0.765339,0.26161508837145103,0.3851692579241119,0.2974457975417227
68,68,1968.0,17.701154276,259.86274,5.619744,0.785876,,,,1.2263037884476047,277.01467,721.89411,272.95961,343.25603719372606,2392.68711167417,125.79624777422455,0.34154142506849455,320.34523088183573,1550.6164401725443,288.83936558259796,0.7775090569363552,0.3951653974234556,0.053629334087793766,1.2263037884476047,-0.44042778844760466,-0.44042778844760466,0.785876,0.26784661470863497,0.395504836079658,0.30486749890623166
69,69,1969.0,18.490883593,262.9114,5.784831,0.806413,,,,1.2558345350073352,277.01467,721.89411,272.95961,354.05063706650105,2427.9042282951737,130.4824286024481,0.34656845268896985,321.707875719218,1562.8141114876605,289.4309206367805,0.8002179598313031,0.4000187422957571,0.05559783288027517,1.2558345350073352,-0.44942153500733517,-0.44942153500733517,0.806413,0.2742626936913455,0.40584041423520406,0.3124202326490645
70,70,1970.0,19.352324343,265.96005,5.9368752,0.82695,,,,1.2864994394332627,277.01467,721.89411,272.95961,365.4416221469774,2462.818643169194,135.2797265484812,0.3515522714897327,323.14580460917693,1574.9069401361853,290.0365024421825,0.8240774260834272,0.4048111206586693,0.05761089269116631,1.2864994394332627,-0.45954943943326276,-0.45954943943326276,0.82695,0.28083882658168136,0.4161759923907501,0.3200866046663113
71,71,1971.0,19.457941071,270.02505,5.6049759,0.859085,,,,1.3165822505244198,277.01467,721.89411,272.95961,376.64047729626157,2498.475512176039,139.7032276633421,0.35664207106890056,324.55948018155743,1587.256922474383,290.59489840204776,0.8474311843417628,0.4096858583893923,0.059465207793264585,1.3165822505244198,-0.4574972505244198,-0.4574972505244198,0.859085,0.2875555231929288,0.43234845205031447,0.32954547256157063
72,72,1972.0,19.987047906999997,274.09004,5.9181309,0.8912200000000001,,,,1.347383944468952,277.01467,721.89411,272.95961,388.1460989589245,2534.8041714634383,144.4012508273345,0.3618277645945215,326.0118800985792,1599.83958362962,291.18794836089455,0.8713189634226546,0.41463235990053326,0.061432621145764144,1.347383944468952,-0.4561639444689518,-0.4561639444689518,0.8912200000000001,0.29529285175807163,0.44852091170987896,0.33972898914409577
73,73,1973.0,20.801921861999997,278.15504,6.0449043,0.9233549999999999,,,,1.3793604160990878,277.01467,721.89411,272.95961,400.2263218944765,2571.7407017337573,149.18501688328357,0.36710022797849645,327.5368141963287,1612.6327847484613,291.7918219825398,0.8962854649242474,0.41964109949667805,0.06343385167816232,1.3793604160990878,-0.45600541609908785,-0.45600541609908785,0.9233549999999999,0.30374488011150313,0.4646933713694432,0.35041994257630577
74,74,1974.0,20.855645156999998,282.22003,5.9406002,0.95549,,,,1.41073572852758,277.01467,721.89411,272.95961,412.0747503951035,2609.22724641476,153.82269948975198,0.372451202549628,329.03248797004517,1625.616486840801,292.3772549152657,0.9206602521842896,0.4247035132343594,0.06537196310893092,1.41073572852758,-0.45524572852757994,-0.45524572852757994,0.95549,0.3127305187417464,0.4808658310290076,0.3614897593050521
75,75,1975.0,20.722976491999997,286.28503,6.1409693,0.987625,,,,1.4414024042048241,277.01467,721.89411,272.95961,423.57629942582935,2647.211474715008,158.6202476765814,0.377873218408073,330.48437378270467,1638.7725648056967,292.9828683095485,0.9442156822159805,0.429811911436647,0.06737481055219674,1.4414024042048241,-0.45377740420482415,-0.45377740420482415,0.987625,0.3221347819828519,0.49703829068857197,0.3728567995075107
76,76,1976.0,21.923140259,290.35002000000003,6.3042587999999995,1.01976,,,,1.4741756309346679,277.01467,721.89411,272.95961,436.1211365743194,2685.646015776292,163.53918564674336,0.3833595136540651,332.06795796161475,1652.0846114464853,293.60380521406034,0.9697900892003689,0.43495938836248865,0.06942615337181032,1.4741756309346679,-0.45441563093466786,-0.45441563093466786,1.01976,0.3318800254321995,0.5132107503481363,0.38446593565782117
77,77,1977.0,22.471363758000003,294.41502,6.5344050000000005,1.051895,,,,1.5074501524567758,277.01467,721.89411,272.95961,448.92009450110817,2724.488026673582,168.645309934226,0.38890397272255733,333.6836208067748,1665.5377878448262,294.24837138430985,0.9957571720177048,0.44013975103020975,0.0715532294088613,1.5074501524567758,-0.4555551524567758,-0.4555551524567758,1.051895,0.3419110340007443,0.5293832100077007,0.3962779650427617
78,78,1978.0,22.7370079,298.48002,6.619372900000001,1.0840299999999998,,,,1.5406118010991057,277.01467,721.89411,272.95961,461.7045536470703,2763.698731525211,173.79180743446796,0.39450106059402346,335.29745341375326,1679.1186637285991,294.8980340241445,1.0215696248023323,0.4453474452763446,0.07369473102042874,1.5406118010991057,-0.45658180109910584,-0.45658180109910584,1.0840299999999998,0.35218683736554485,0.545555669667265,0.40826379873304375
79,79,1979.0,23.677785609,302.54501,7.007772999999999,1.116165,,,,1.5752158375562155,277.01467,721.89411,272.95961,475.189366178042,2803.2430344625286,179.28175774524192,0.40014576754824877,336.99969438562476,1692.8150834214912,295.5910520643341,1.0486618374965362,0.45057749285344734,0.075976507206232,1.5752158375562155,-0.45905083755621545,-0.45905083755621545,1.116165,0.3626759657773156,0.5617281293268295,0.4204010932066746
80,80,1980.0,23.330959231999998,306.61001,7.0613923,1.1483,,,,1.6083977632074884,277.01467,721.89411,272.95961,488.020706071167,2843.0891994303624,184.77738049783292,0.40583356345780475,338.61944493387455,1706.6160549398596,296.28478615918516,1.0743144027699392,0.4558254384522365,0.07825792198531274,1.6083977632074884,-0.4600977632074883,-0.4600977632074883,1.1483,0.3733535578017704,0.5779005889863938,0.43267219684531116
81,81,1981.0,22.801203906999998,310.01251,6.841752199999999,1.185141,,,,1.6398626149882587,277.01467,721.89411,272.95961,500.1426757593031,2882.546000458493,190.00536675158074,0.41146578005062223,340.1496488885485,1720.2821677924953,296.94473544517416,1.0984363172789378,0.46100058183983283,0.08042571586948814,1.6398626149882587,-0.4547216149882587,-0.4547216149882587,1.185141,0.38419951531569474,0.5964414194303961,0.44574966750895817
82,82,1982.0,23.184878185000002,313.415,7.118985799999999,1.221982,,,,1.671817044192273,277.01467,721.89411,272.95961,512.5538102145991,2921.6504804247443,195.46492762823385,0.41704770497054744,341.71635525014506,1733.8262520146664,297.6339173074596,1.1230214813255135,0.4661086399372386,0.0826869229295208,1.671817044192273,-0.44983504419227316,-0.44983504419227316,1.221982,0.3955607901606728,0.6149822498743982,0.4591930134776532
83,83,1983.0,23.251358766999996,316.8175,7.216897099999999,1.258823,,,,1.7034247561239095,277.01467,721.89411,272.95961,524.868145161375,2960.4361771110466,200.97471835491456,0.4225841255304604,343.2708422287075,1747.259923629484,298.3294398814555,1.1473037442428276,0.4711547717437391,0.08496624013734275,1.7034247561239095,-0.4446017561239095,-0.4446017561239095,1.258823,0.4073046746876167,0.6335230803184004,0.472908012320544
84,84,1984.0,24.038805711,320.22,7.0481314,1.295664,,,,1.7360141417261958,277.01467,721.89411,272.95961,537.8161509674325,2998.933426757407,206.26762324577703,0.42807937204275337,344.9053199744291,1760.5936897857464,298.9975841025748,1.1727172149863214,0.47614363132947035,0.08715329541040415,1.7360141417261958,-0.4403501417261959,-0.4403501417261959,1.295664,0.419350351182888,0.6520639107624027,0.48683728346094723
85,85,1985.0,24.659995783000003,323.6225,7.0169243,1.3325049999999998,,,,1.769143808855905,277.01467,721.89411,272.95961,551.1479609640944,3037.1696787289043,211.48309508816783,0.43353736273610705,346.5882468340648,1773.837057744841,299.65595364515235,1.1987584593536496,0.4810794204517308,0.08930592905052459,1.769143808855905,-0.4366388088559052,-0.4366388088559052,1.3325049999999998,0.43164481090091666,0.6706047412064048,0.5009431906895082
86,86,1986.0,25.312732440999998,327.025,7.0704917,1.369346,,,,1.8028656600284498,277.01467,721.89411,272.95961,564.8751768526082,3075.1697702381666,216.7065846489352,0.43896164297044327,348.3210873360358,1786.9986300326152,300.31533529588415,1.225440259252631,0.4859659343629378,0.09145946641288114,1.8028656600284498,-0.4335196600284499,-0.4335196600284499,1.369346,0.4441509983564722,0.689145571650407,0.5151994246117133
87,87,1987.0,25.862521561999998,330.42749,7.4616728000000005,1.406187,,,,1.8370835320368832,277.01467,721.89411,272.95961,578.879427725579,3112.956164924537,222.2756356047848,0.44435541929264416,350.08889905470716,1800.0861870727822,301.0183385218997,1.2525241013447852,0.4908066015699551,0.09375282912214289,1.8370835320368832,-0.43089653203688316,-0.43089653203688316,1.406187,0.4568416193581321,0.7076864020944094,0.5295866063516526
88,88,1988.0,26.720260015999994,333.82999,7.202507700000001,1.443028,,,,1.8721217905871097,277.01467,721.89411,272.95961,593.4718435694552,3150.5492087294415,227.53688377153387,0.44972159596118744,351.9309571531035,1813.1067758109732,301.68248659011005,1.280600325562153,0.49560452458599646,0.09591694043896011,1.8721217905871097,-0.4290937905871097,-0.4290937905871097,1.443028,0.4696957102328553,0.7262272325384115,0.5440898517014666
89,89,1989.0,27.204402012,337.23249,7.3310397,1.479869,,,,1.907340002085917,277.01467,721.89411,272.95961,608.2397339443476,3187.9673014219834,232.88071446598596,0.4550627994303756,353.79516609234616,1826.066769123713,302.3570593758976,1.3088649474719234,0.5003625088100955,0.0981125458038982,1.907340002085917,-0.42747100208591693,-0.42747100208591693,1.479869,0.4826966261513257,0.7447680629824137,0.5586973428323412
90,90,1990.0,27.390983711,340.63499,7.585681200000001,1.51671,,,,1.9422708353962619,277.01467,721.89411,272.95961,622.9105925387539,3225.227091801733,238.43251594796223,0.46038140621433854,355.64712632795,1838.9719334281424,303.0578851329196,1.336796774689366,0.5050830935506738,0.10039096715622192,1.9422708353962619,-0.4255608353962619,-0.4255608353962619,1.51671,0.49583079821935316,0.763308893426416,0.5733994458294014
91,91,1991.0,27.950646233,336.59218,7.4023631,1.537388,,,,1.9765937796929398,277.01467,721.89411,272.95961,637.9035533752383,3254.8983343255068,243.75251229030297,0.4646167942873049,357.53974679760137,1849.2487561365706,303.72944921461067,1.3651919784251356,0.5088300524052476,0.10257174886255656,1.9765937796929398,-0.43920577969293984,-0.43920577969293984,1.537388,0.5090869286866171,0.7737154321175773,0.5858291946815956
92,92,1992.0,27.237016567999998,332.54937,7.798932300000001,1.558066,,,,2.008198383831066,277.01467,721.89411,272.95961,651.9201452054124,3277.703174800637,249.42261527911936,0.4678720455386417,359.3091163638835,1857.1473570215562,304.4452086365623,1.3916024169140935,0.5117026132466219,0.10489335367035107,2.008198383831066,-0.45013238383106624,-0.45013238383106624,1.558066,0.5212069486738906,0.7841219708087387,0.5974523050929965
93,93,1993.0,27.239109201999998,328.50656000000004,7.3131034,1.5787440000000001,,,,2.0384516508315063,277.01467,721.89411,272.95961,665.8226155550734,3294.2950377748757,254.55736913396316,0.47024043231897467,361.06407992641493,1862.894053812301,305.09338882980677,1.417669665619785,0.5137886133690834,0.10699337184263796,2.0384516508315063,-0.4597076508315061,-0.4597076508315061,1.5787440000000001,0.5325908137769882,0.7945285094999002,0.6085527455366327
94,94,1994.0,27.640955851999998,324.46375,7.5072841,1.599422,,,,2.068430932747368,277.01467,721.89411,272.95961,679.9949528535803,3305.2651662288927,259.8414589632729,0.4718063509412173,362.8531098562928,1866.6936272585524,305.7604202910037,1.4441128272004964,0.5151660033048095,0.10915210224206202,2.068430932747368,-0.4690089327473681,-0.4690089327473681,1.599422,0.5434685473090718,0.8049350481910615,0.6192938325648488
95,95,1995.0,28.064528168000002,320.42094,7.6191035000000005,1.6201,,,,2.0981057926259186,277.01467,721.89411,272.95961,694.4051494643917,3311.1485389347476,265.1912192310566,0.47264616634723544,364.6721657035512,1868.7313706451744,306.43574159017606,1.4708664518239791,0.5159041136692879,0.11133522713265172,2.0981057926259186,-0.47800579262591847,-0.47800579262591847,1.6201,0.5539812546702554,0.815341586882223,0.629775751011726
96,96,1996.0,28.483246174999998,316.37814,7.652063799999999,1.6407779999999998,,,,2.127441807985084,277.01467,721.89411,272.95961,709.0214677141412,3312.429234703257,270.52721730002844,0.4728289778212985,366.5172410967383,1869.1749477331869,307.1093256328143,1.4978667727075279,0.516064730924655,0.11351030435290095,2.127441807985084,-0.486663807985084,-0.486663807985084,1.6407779999999998,0.5642205800250079,0.8257481255733843,0.640063568234037
97,97,1997.0,28.762302699,312.33533,7.9097526,1.661456,,,,2.156302941820634,277.01467,721.89411,272.95961,723.6920897969956,3309.5452461557243,276.0743018632972,0.4724173061264926,368.3691714765578,1868.176060040082,307.80955595461853,1.5248310717770581,0.515703010501229,0.11576885954234654,2.156302941820634,-0.49484694182063405,-0.49484694182063405,1.661456,0.5742490127113765,0.8361546642645459,0.6502016516617957
98,98,1998.0,28.636434176999998,308.29252,7.895726299999999,1.682134,,,,2.1839085928109396,277.01467,721.89411,272.95961,738.0232696031849,3302.8928954047296,281.55891428246395,0.47146772381609897,370.1782527215008,1865.871976238823,308.50190017173674,1.5510409093607593,0.5148682677664802,0.1179994156837002,2.1839085928109396,-0.5017745928109396,-0.5017745928109396,1.682134,0.5841109271446944,0.8465612029557072,0.6602215071298881
99,99,1999.0,28.449066364000004,304.24971,7.5269849,1.702812,,,,2.2101594268813822,277.01467,721.89411,272.95961,752.0094082138826,3292.8307895273306,286.62688506229074,0.470031419853166,371.9437780580023,1862.3869021610315,309.1416500745147,1.576496502857315,0.5136046554111374,0.12005826861293005,2.2101594268813822,-0.5073474268813822,-0.5073474268813822,1.702812,0.5938389077317153,0.8569677416468686,0.6701462695671098
100,100,2000.0,28.933546,300.13794,11.71767,,1.5427899999999999,0.48518,0.14452,1.7234900000000002,368.865,1751.0225,315.85,766.3585338515662,3279.6144496252205,295.84127947115684,0.4681448683093669,373.7551246759028,1857.8093391580842,310.30481935534306,1.6024874850882131,0.5119430763626576,0.12379606451093975,2.2382266259618104,-0.4489999999999996,,1.7892266259618108,0.6034575520608807,0.9004573029465024,0.6895874798177111
101,101,2001.0,29.87504779999993,301.928656,11.78916999999998,,1.572190000000006,0.485364,0.1468979999999993,1.75954999999999,370.85449999999986,1751.565,316.5679999999998,781.4647847153963,3269.4465267523087,305.04669933345093,0.46669345961867076,375.66204619169844,1854.287614693928,311.4668557438273,1.629714115393674,0.5106633118303419,0.12752312499747326,2.2679005522214895,-0.44490200000001523,,1.8229985522214742,0.6180636375550517,0.9174535722808789,0.7048867186255416
102,102,2002.0,30.81654959999982,303.719372,11.860669999999999,,1.601590000000009,0.485548,0.1492759999999995,1.795609999999996,372.84400000000016,1752.1075,317.28599999999983,797.2420267802061,3262.036925673195,314.2432230289917,0.4656357844636529,377.653669568306,1851.721252447075,312.62776913416036,1.6580029448118294,0.5097299281741222,0.13123954244246144,2.298972415428413,-0.4408040000000124,,1.8581684154284006,0.6319456783441366,0.9351533760445762,0.7198759106772641
103,103,2003.0,31.75805139999973,305.510088,11.93216999999999,,1.6309900000000042,0.485732,0.1516539999999997,1.8316700000000032,374.8334999999997,1752.65,318.0039999999999,813.6468378905673,3257.1231573640935,323.4309282530627,0.4649343741444517,379.7245134561044,1850.0193376822158,313.7875693341239,1.6872592467678715,0.5091105754126614,0.13494540807646135,2.331315230256994,-0.4367060000000007,,1.8946092302569932,0.6455884605253718,0.9534928068140509,0.7348807209490887
104,104,2004.0,32.69955319999963,307.300804,12.00367,,1.660390000000007,0.48591599999999996,0.1540319999999999,1.8677299999999952,376.82299999999987,1753.1925,318.7219999999998,830.6544692153573,3254.4677119344583,332.6098920223905,0.4645553255794292,381.87145371271146,1849.099607344991,314.94626606584245,1.7174226438813596,0.5087757492205284,0.13864081200852285,2.364839205110411,-0.43260800000001143,,1.9322312051103994,0.6592376177003065,0.9724266755126616,0.7500624444658894
105,105,2005.0,33.641054999999994,309.09152,12.07517,,1.6897900000000001,0.4861,0.15641,1.90379,378.8125,1753.735,319.44,848.2484861202616,3253.855681548173,341.7801906810705,0.46446796199172985,384.09241572953897,1848.8876267456958,316.10386896653165,1.7484480761866021,0.5086985658847938,0.14232584324370817,2.399472485315104,-0.42850999999999995,,1.970962485315104,0.6730244456939654,0.9919188201111949,0.765503814274962
106,106,2006.0,34.16322259999985,313.2388719999999,12.123508000000001,,1.719743999999999,0.487806,0.1585940000000008,1.9488320000000101,380.9070420000007,1757.6135600000002,320.1433080000002,865.9972987543455,3257.4492455536856,350.91873790644155,0.4649809212355563,386.3329182206501,1850.1322803912738,317.2574637587974,1.779565230804753,0.509151686087297,0.14599130804024824,2.434708224932298,-0.4173119999999897,,2.0173962249323085,0.687022296253415,1.0152873522662271,0.7822191624971306
107,107,2007.0,34.685390199999944,317.3862239999999,12.171846,,1.7496979999999953,0.4895119999999999,0.1607780000000005,1.9938740000000048,383.00158400000055,1761.4921199999999,320.84661600000004,883.9429939668936,3264.8481887299818,360.0258110018282,0.4660370750402489,388.5982739747146,1852.6949512060066,318.4070854477301,1.8108446216204466,0.5100841400211271,0.14963742535636326,2.470566186997937,-0.40611399999999076,,2.064452186997946,0.7017874357922473,1.0389690279546826,0.7995700975193536
108,108,2008.0,35.20755779999984,321.5335759999998,12.220184,,1.7796519999999991,0.4912179999999999,0.1629620000000003,2.038916,385.09612600000037,1765.37068,321.5499240000001,902.1029653322443,3275.690381369816,369.1016848487065,0.4675847316088856,390.890678651095,1856.4502132730036,319.5527687327005,1.842312419426699,0.5114493299918659,0.15326441101937782,2.5070261604379427,-0.3949159999999994,,2.1121101604379433,0.7171477186098599,1.0629536756259115,0.8174314461445149
109,109,2009.0,35.72972539999994,325.6809279999998,12.268522,,1.809606000000002,0.4929239999999999,0.1651460000000009,2.08395800000001,387.19066800000013,1769.2492399999999,322.2532320000003,920.48398955625,3289.648154963891,378.14663192785645,0.4695771182694085,393.21098770004926,1861.2845765294717,320.6945480100301,1.8739758890494935,0.5132047222516105,0.1568724777832956,2.5440530890843993,-0.38371799999999245,,2.160335089084407,0.733002484306302,1.08722365269516,0.8357266231390708
110,110,2010.0,36.251893,329.82828,12.31686,,1.8395599999999999,0.49463,0.16733,2.129,389.28521,1773.1278,322.95654,939.0882850113003,3306.425022784286,387.160922340329,0.4719719133579957,395.55948115545715,1867.0953509200215,321.832457375638,1.9058342752608033,0.5153115483096583,0.16046183538500902,2.5816076589554706,-0.3725200000000002,,2.2090876589554704,0.7492869558885282,1.1117591737637729,0.8544038990723491
111,111,2011.0,36.39227050000001,322.148611999999,12.24226400000001,,1.8709970000000034,0.4925800000000002,0.1692740000000006,2.1744570000000043,391.5634719999998,1768.866819999999,323.58171600000003,957.5326413287261,3313.9256925456216,396.02188982822844,0.4730425880094176,397.88778486388526,1869.6932553815536,322.9510121848858,1.9372326078960596,0.5162523828805474,0.16398387067223763,2.6174688614488444,-0.35839399999999966,,2.2590748614488447,0.7659556444844537,1.1369160437130048,0.8735341602607336
112,112,2012.0,36.53264800000003,314.4689440000002,12.16766799999999,,1.902434,0.4905300000000006,0.1712180000000005,2.219914000000003,393.84173400000054,1764.60584,324.206892,975.8629926165091,3313.0329112060085,404.73087344784926,0.47291514894330805,400.2016972686144,1869.3840349120285,324.05038147212116,1.9682553599304953,0.5161404336301239,0.1674394690170284,2.6518352625776473,-0.34426799999999824,,2.307567262577649,0.7830318311985365,1.1613206306447303,0.8927355830379327
113,113,2013.0,36.67302549999999,306.7892759999995,12.09307200000001,,1.933870999999996,0.48848,0.1731620000000005,2.2653710000000022,396.11999600000036,1760.344859999999,324.832068,994.101757706988,3304.545421243803,413.28920056074594,0.47170361175451203,402.5040483871075,1866.4443390259778,325.13073279541845,1.9989455906378466,0.5150756777333456,0.17082949843988962,2.684850766811082,-0.33014199999999416,,2.354708766811088,0.800318895520113,1.1850453568157735,0.9118895692958546
114,114,2014.0,36.813403,299.10960799999884,12.01847599999999,,1.9653080000000003,0.4864300000000004,0.1751060000000004,2.310828000000015,398.39825800000017,1756.0838800000001,325.4572440000001,1012.261127108561,3289.1859547407944,421.69818693586967,0.4695111420194876,404.79637707523057,1861.1244905558308,326.1922322494723,2.029328310763435,0.5131466315374464,0.1741548100824575,2.716629752383339,-0.3160159999999861,,2.400613752383353,0.8176956211627254,1.2081477849265667,0.9309267486542394
115,115,2015.0,36.953780500000036,291.42994,11.943880000000009,,1.9967449999999967,0.4843800000000007,0.1770500000000004,2.3562850000000144,400.67652000000004,1751.822899999999,326.0824200000001,1030.3487838834992,3267.6084667278024,429.95913685081325,0.4664310878120649,407.07965319618006,1853.6509909669585,327.2350444783778,2.0594204898576405,0.510431834503679,0.1774162386631857,2.7472685630245053,-0.30188999999998334,,2.445378563024522,0.8350835053730493,1.2306764015210072,0.949805445255957
116,116,2016.0,37.094158,283.7502719999993,11.86928399999999,,2.028182000000001,0.4823300000000001,0.1789940000000003,2.401742000000013,402.95478199999985,1747.5619199999999,326.70759600000014,1048.3703686230394,3240.4046801864247,438.07334319217114,0.46254791396235173,409.35458878399356,1844.2287872604684,328.25933268829954,2.089235351283533,0.5070011025148979,0.18061460291680353,2.7768510567152345,-0.2877639999999886,,2.489087056715246,0.8524298876237905,1.2526734094871985,0.9685005089641787
117,117,2017.0,37.2345355,276.0706040000005,11.79468800000001,,2.059618999999998,0.4802800000000005,0.1809380000000003,2.4471990000000114,405.2330440000005,1743.3009399999992,327.3327720000001,1066.3305433450623,3208.1100082115245,446.0420875550241,0.45793804740913097,411.62177234354095,1833.043323151678,329.2652586600298,2.118784223704563,0.5029165932570443,0.18375070601826254,2.8054515229798698,-0.27363799999998717,,2.5318135229798826,0.8696986415735953,1.2741761962325098,0.9869971324246806
118,118,2018.0,37.374913000000035,268.3909359999998,11.72009199999999,,2.0910560000000022,0.4782299999999999,0.1828820000000002,2.492656000000011,407.51130600000033,1739.03996,327.9579479999999,1084.2334525002243,3171.208912605437,453.8666403415542,0.4526706421063657,413.8817270451444,1820.2623950531438,330.25298276143735,2.1480773469165535,0.49823371714601417,0.18682533599184142,2.833136400054409,-0.2595119999999915,,2.5736244000544173,0.8868647030520691,1.2952181978761668,1.0052872165510573
119,119,2019.0,37.5152905,260.7112679999991,11.64549600000001,,2.122492999999999,0.4761800000000003,0.1848260000000006,2.53811300000001,409.78956800000014,1734.7789799999991,328.5831239999999,1102.0829245575746,3130.139752534525,461.5482608587991,0.44680827113920274,416.1349361715235,1806.0378314375605,331.222663959807,2.1771242298821245,0.4930019202963473,0.18983926610604754,2.859965416284519,-0.2453859999999901,,2.614579416284529,0.9039106659912952,1.3158294736763312,1.0233671202199557
120,120,2020.0,37.655668,253.0316,11.5709,,2.15393,0.47413,0.18677,2.58357,412.06782999999996,1730.5179999999998,329.2083,1119.882561960056,3085.299171775058,469.08819741555124,0.44040755297644485,418.38185447323286,1790.507012388147,332.17445983407197,2.205933816693475,0.48726536070191173,0.19279325525493096,2.8859924326503177,-0.23126000000000024,,2.6547324326503174,0.9208245611957223,1.3360371300443268,1.0412362061618177
121,121,2021.0,36.8061731,251.06660899999997,11.561739,,2.177990999999999,0.4691320000000001,0.1883460000000001,2.611377000000005,413.93936200000013,1717.4877399999968,329.7171979999998,1136.6467263682814,3042.7607454574277,476.55312241841307,0.4343354532548356,420.4980609424981,1775.7735591055095,333.116786704589,2.2329263061283955,0.4817995580077812,0.19571362911165452,2.910439493247831,-0.2240919999999944,,2.6863474932478364,0.9375983494494537,1.3519479217713553,1.0577597254228053
122,122,2022.0,35.9566782,249.1016180000001,11.552578,,2.202052000000002,0.4641340000000014,0.1899220000000001,2.639184,415.81089400000013,1704.4574799999968,330.22609599999987,1152.5032664908176,3002.30539462087,483.94369098594353,0.42856069979503364,422.4996944251077,1761.7615922045131,334.0497272695528,2.258332682809061,0.47657967533532775,0.19860078796434716,2.933513146108736,-0.21692400000000323,,2.7165891461087326,0.9536255496837865,1.367167523791937,1.0735527221751502
123,123,2023.0,35.107183299999996,247.13662700000032,11.543417,,2.226112999999998,0.4591360000000009,0.1914980000000002,2.666991000000003,417.6824260000003,1691.4272199999978,330.73499399999986,1167.5190866243695,2963.734888424181,491.2605525151788,0.42305499635902905,424.3952005138188,1748.4024531782286,334.9733635049078,2.2822812850945353,0.47158301912734013,0.20145512597359172,2.955319430195467,-0.20975599999999606,,2.745563430195471,0.9690484107168019,1.381749301932828,1.0887316691694495
124,124,2024.0,34.25768839999999,245.17163599999998,11.534256,,2.250174000000001,0.4541380000000004,0.1930740000000002,2.6947979999999987,419.553958,1678.3969599999978,331.243892,1181.7342717246227,2926.8698601848296,498.5043507316012,0.41779273945187784,426.1896392903914,1735.6340172405198,335.8877766706558,2.3048546046456146,0.466788867504551,0.20427703129860778,2.9759205034487737,-0.20258800000000265,,2.773332503448771,0.9839502676529057,1.395724538185278,1.1033648061072938
125,125,2025.0,33.40819349999998,243.20664500000018,11.525095,,2.274234999999997,0.4491399999999999,0.1946500000000002,2.722605000000001,421.42549000000014,1665.3666999999991,331.75279,1195.1768045365661,2891.548012216911,505.67572373867233,0.4127507620733242,427.88654312688607,1723.4000715603042,336.79304731710874,2.326113709296592,0.46217831002853205,0.20706688622002437,2.995358905545148,-0.19541999999999593,,2.7999389055451522,0.998382450283702,1.4091146413310653,1.1174947856874373
126,126,2026.0,32.55869859999998,241.24165399999993,11.51593400000001,,2.298296000000001,0.4441420000000011,0.1962260000000002,2.7504120000000043,423.29702200000014,1652.3364399999991,332.2616879999998,1207.8689289065394,2857.6224915013613,512.7753040669334,0.40790810185467513,429.4887199515943,1711.6497526646444,337.6892552910871,2.346108818460199,0.45773409852266955,0.209825067259359,3.013667984242227,-0.1882519999999981,,2.825415984242229,1.0123781509863345,1.4219363941697778,1.131150041509533
127,127,2027.0,31.709203699999968,239.27666300000007,11.506772999999999,,2.322356999999997,0.4391440000000006,0.1978020000000003,2.778219,425.1685540000003,1639.30618,332.77058599999987,1219.8299164485973,2824.9604199315772,519.8037187226766,0.4032457912603641,430.9986024962253,1700.3370373800144,338.57647974206327,2.364883946677465,0.453440508532068,0.2125519452953103,3.0308764005048436,-0.18108399999999802,,2.8497924005048456,1.0259598878869056,1.4342042207965684,1.144350744430708
128,128,2028.0,30.859708799999968,237.3116720000003,11.497612,,2.346418,0.4341460000000001,0.1993780000000003,2.806026000000003,427.04008600000003,1626.275919999996,333.2794839999999,1231.0772838774083,2793.4415644246687,526.7615892361925,0.39874666775447937,432.41840196463033,1689.4202822169123,339.4547991282527,2.3824789997359352,0.4492832109519441,0.21524788567697276,3.0470100963648523,-0.17391599999999752,,2.873094096364855,1.0391436786685562,1.4459311769594885,1.1571120531729266
129,129,2029.0,30.01021389999996,235.34668100000002,11.488451,,2.370479000000003,0.4291480000000014,0.2009540000000003,2.833832999999998,428.91161800000015,1613.2456599999969,333.78838199999996,1241.6273421422839,2762.957133588349,533.6495317095928,0.39439520203234785,433.75017735215283,1678.8618065878184,340.3242912226505,2.398930771615023,0.44524915331943804,0.21791324833406778,3.062093173268529,-0.16674800000000678,,2.895345173268522,1.0519414561403886,1.4571293921020565,1.1694459575692724
130,130,2030.0,29.160719,233.38169,11.479289999999999,,2.39454,0.42415,0.20253,2.86164,430.78315,1600.2154,334.29728,1251.4954566344213,2733.408688900118,540.4681568642196,0.3901773425980158,434.99586829261295,1668.6275156872118,341.1850331190158,2.4142734626865265,0.4413264502430185,0.22054838788430114,3.076148300813846,-0.15958000000000006,,2.916568300813846,1.064362509840822,1.4678102750669402,1.1813623617563962
131,131,2031.0,28.088381699999932,232.4454520000002,11.459207000000001,,2.406369999999999,0.4212680000000004,0.2039010000000001,2.875344000000002,431.727075,1592.903620000001,334.743386,1260.473486209283,2705.73591250144,547.2071480876385,0.38622722331969894,436.1292003099401,1659.0428743742866,342.0357225107474,2.4281941496972927,0.43764148474221193,0.22314944083127566,3.0889850752707804,-0.15619499999999764,,2.9327900752707827,1.0764143704906903,1.4759741460179705,1.1922867053936015
132,132,2032.0,27.016044399999917,231.50921400000018,11.439124000000001,,2.4181999999999992,0.4183859999999999,0.2052719999999999,2.889048000000003,432.6709999999998,1585.591840000001,335.189492,1268.6032736266677,2679.760310954974,553.8672008682586,0.38251936535285286,437.15545538042716,1650.0460603169072,342.8764471920849,2.4407684394636515,0.43417251594944306,0.2257168039810759,3.10065775939417,-0.15280999999999612,,2.947847759394174,1.0877947872305163,1.483552169638696,1.2025644281288883
133,133,2033.0,25.943707099999898,230.57297600000018,11.419041,,2.430029999999999,0.4155040000000003,0.2066430000000001,2.902752000000003,433.61492499999986,1578.280060000001,335.635598,1275.9123033300757,2655.320376719739,560.4490046203928,0.37903071448556885,438.07810297357616,1641.5811343556868,343.70729419051133,2.452048094830431,0.43089971353019585,0.22825086817278206,3.111198676533409,-0.14942499999999637,,2.961773676533413,1.0985963854024425,1.4905606131786608,1.2122660114575459
134,134,2034.0,24.871369799999883,229.63673800000018,11.398958,,2.441859999999998,0.4126219999999998,0.2080139999999999,2.916456,434.55884999999984,1570.968280000001,336.0817040000001,1282.421422914862,2632.269971729361,566.9532427373064,0.3757404104042665,438.8997747634202,1633.5974806460797,344.5283497734488,2.46207330863248,0.42780500093371576,0.2307520183989467,3.120630327965143,-0.1460399999999975,,2.9745903279651453,1.1088744133180268,1.4970108007700844,1.2214339656791235
135,135,2035.0,23.799032499999864,228.7005000000001,11.378875,,2.4536899999999977,0.4097400000000002,0.2093850000000002,2.930160000000001,435.5027749999999,1563.656500000001,336.52781,1288.1481903895774,2610.476864793183,573.3805926438038,0.3726295779166683,439.62268716649976,1626.0493000779934,345.3396994548971,2.470878051589008,0.42487190956514587,0.23322063392288112,3.128970595077035,-0.14265499999999687,,2.986315595077038,1.1186640778718595,1.5029117315111673,1.2300958974272587
136,136,2036.0,22.726695199999842,227.7642620000001,11.358792,,2.465519999999998,0.4068579999999997,0.2107559999999999,2.9438640000000014,436.4467,1556.344720000001,336.97391600000003,1293.1083376895574,2589.8214081820706,579.7317258483524,0.36968113804252956,440.24882608694463,1618.895151902906,346.14142800201375,2.4784924446893357,0.4220854434628234,0.23565708839285315,3.1362349765450124,-0.13926999999999623,,2.996964976545016,1.1279891993896127,1.5082712053618033,1.238270981121548
137,137,2037.0,21.654357900000246,226.82802400000008,11.338709,,2.4773499999999977,0.4039760000000001,0.2121270000000002,2.957568000000002,437.390625,1549.032940000001,337.420022,1297.3164222722098,2570.195340153717,586.0073079947541,0.3668796370814598,440.78002916991215,1612.0975389809216,346.93361944163627,2.484943849365349,0.41943195401201416,0.23806174995329862,3.142437553330662,-0.13588499999999604,,3.006552553330666,1.1368667688690415,1.5130963087941636,1.245973335447327
138,138,2038.0,20.582020600000227,225.89178600000008,11.318625999999991,,2.489179999999998,0.4010939999999996,0.213498,2.971272000000003,438.33454999999987,1541.721160000001,337.866128,1300.7861281202033,2551.500701432745,592.2079989133663,0.3642110919470996,441.21802379840483,1605.6225324967945,347.7163570667483,2.490257401809531,0.41689902419108843,0.2404349813531455,3.147591407353765,-0.1324999999999945,,3.0150914073537707,1.1453094727126456,1.5173936254964375,1.2532138770199452
139,139,2039.0,19.50968330000021,224.95554800000008,11.298542999999999,,2.501009999999997,0.398212,0.2148690000000002,2.984976000000003,439.27847499999984,1534.409380000001,338.312234,1303.5304147481888,2533.6488548013444,598.3344526718705,0.36166285021969524,441.5644459029752,1599.4394323889392,348.489723442888,2.494456303392191,0.41447536182515865,0.2427771400513362,3.1517088052686857,-0.12911499999999387,,3.022593805268692,1.1533271589528635,1.5211693288612753,1.260001388226303
140,140,2040.0,18.437345999999998,224.01931000000002,11.27846,,2.51284,0.39533,0.21624000000000002,2.99868,440.2224,1527.0976,338.75834,1305.561599740243,2516.559597988215,604.3873176256056,0.35922346351641943,441.8208503807523,1593.520460092898,349.25380041450245,2.497562001439012,0.4121507013129614,0.24508857831965275,3.154801281071626,-0.12573000000000034,,3.0290712810716256,1.1609277259351736,1.5244292235592292,1.2663431602461497
141,141,2041.0,17.836530299999843,220.5465320000003,11.13222300000001,,2.5163770000000008,0.3921159999999997,0.2171729999999998,2.9985779999999997,440.47020599999996,1519.54182,339.0720679999999,1307.3625712076728,2497.6238209772687,610.2410824674528,0.35652049736863345,442.0481940990271,1586.9619338352968,349.9927441951896,2.500314194034034,0.409569650131995,0.24732154714794388,3.157205391313973,-0.12708800000000053,,3.0301173913139725,1.168117681850023,1.524955695496177,1.2716007058074077
142,142,2042.0,17.235714599999913,217.073754,10.985986000000029,,2.519914000000001,0.3889019999999999,0.2181059999999999,2.9984759999999997,440.718012,1511.98604,339.3857959999999,1308.8851791508512,2477.0172433981797,615.8974860519168,0.353579034676831,442.2403988937932,1579.824715222423,350.70677428739896,2.502639895567086,0.40675460022506366,0.24947696069037534,3.158871456482525,-0.12844600000000073,,3.0304254564825244,1.1745612991106937,1.5251107342859986,1.2762206353115322
143,143,2043.0,16.634898899999985,213.6009759999997,10.839748999999982,,2.523451000000001,0.38568800000000003,0.21903899999999998,2.998374,440.96581799999996,1504.4302599999992,339.699524,1310.1097114923823,2454.898862946959,621.358252047097,0.3504217713879294,442.3949764319198,1572.1638741129673,351.3961082765403,2.50450956946994,0.40372571487646025,0.2515557148480972,3.159790999194498,-0.12980400000000092,,3.029986999194497,1.1803953683131774,1.5248900735483897,1.280298832831389
144,144,2044.0,16.03408319999985,210.1281980000003,10.693512,,2.5269880000000007,0.3824740000000002,0.2199719999999998,2.998272,441.21362400000004,1496.8744800000002,340.013252,1311.0286724997968,2431.4125466883393,626.6250890673199,0.34706924364393876,442.51098049758855,1564.0292397756787,352.0609618477265,2.5059122535631437,0.400501159142183,0.2535586877435321,3.159972100448859,-0.13116200000000067,,3.028810100448858,1.1857012273124123,1.5242977801770736,1.2838942276431642
145,145,2045.0,15.43326749999992,206.65542,10.54727500000001,,2.530525000000001,0.3792600000000004,0.2209049999999999,2.99817,441.46143,1489.3187,340.3269799999999,1311.6398023680674,2406.688470925714,631.6996908046096,0.3435400333145687,442.5881258267146,1555.4658995974348,352.70154880236936,2.506844866665835,0.3970973043002327,0.25548674017786216,3.1594289111439298,-0.1325200000000013,,3.0269089111439285,1.1905316718932804,1.5233409758410175,1.287046370038124
146,146,2046.0,14.832451799999994,203.18264199999982,10.40103800000003,,2.534062,0.3760459999999997,0.221838,2.998068,441.70923600000003,1481.762919999999,340.6407079999999,1311.9430737105506,2380.8444240493345,636.5837361590167,0.3398509539708352,442.6264089621741,1546.5146503329643,353.3180810746316,2.507307612738763,0.39352890961309894,0.25734071607245,3.1581772384243116,-0.13387799999999972,,3.024299238424312,1.1949236902940124,1.522027615741977,1.289783828673922
147,147,2047.0,14.231636099999852,199.7098640000004,10.25480099999999,,2.537599000000001,0.3728319999999998,0.2227709999999998,2.997966,441.957042,1474.20714,340.954436,1311.9393995125422,2353.9869854021113,641.2788893678008,0.33601721916091853,442.62594515369517,1537.2124064124798,353.9107687477342,2.5073020067093617,0.3898092842140316,0.25912144289486916,3.1562327338182623,-0.1352360000000008,,3.0209967338182615,1.198904851044388,1.5203655767652577,1.2921284615034403
148,148,2048.0,13.630820399999926,196.2370860000001,10.108564,,2.5411360000000007,0.369618,0.2237039999999999,2.997864,442.204848,1466.65136,341.268164,1311.6300776205867,2326.2125919614987,645.7868001334926,0.33205259467247916,442.5868982335564,1527.592569393703,354.47982007012206,2.506830027513763,0.3859504315289711,0.26082973207020366,3.153610191112938,-0.13659400000000055,,3.0170161911129374,1.202496711650441,1.5183623041240557,1.2940977334677892
149,149,2049.0,13.030004699999996,192.7643079999998,9.962327000000016,,2.544673,0.3664040000000002,0.22463699999999998,2.997762,442.45265400000017,1459.095579999999,341.58189199999987,1311.0165522084917,2297.608503513179,650.1091037508318,0.32796953630527365,442.5094505055028,1517.685362255881,355.02544147148774,2.5058937557807823,0.3819631783116839,0.2624663793782348,3.150323313470701,-0.1379520000000003,,3.012371313470701,1.2057167540336389,1.516024694156958,1.2957060566694014
150,150,2050.0,12.429189,189.29153,9.81609,,2.5482099999999996,0.36319,0.22557,2.9976599999999998,442.70045999999996,1451.5398,341.89562,1310.100311660919,2268.25367597633,654.247421232599,0.3237793145329999,442.3937898541896,1507.5181318815216,355.54783757865624,2.504495219850916,0.3778572900886237,0.2640321653371013,3.1463846752766407,-0.1393099999999996,,3.007074675276641,1.2085795502709258,1.513359075127092,1.2969656124792142
151,151,2051.0,11.932931600000055,187.00851700000112,9.733040000000015,,2.547502,0.3595380000000006,0.22594699999999998,2.989738000000003,442.597688,1442.8963799999979,342.025229,1308.987573299842,2239.4093166209977,658.2665464343489,0.31966195896597227,442.25332451031863,1497.5277053938064,356.05518757509014,2.502796260833647,0.37380886191999574,0.2655517371465648,3.142156859900208,-0.14324899999999774,,2.99890785990021,1.2110975033960067,1.5092489929045174,1.2975614353534748
152,152,2052.0,11.436674200000041,184.7255040000009,9.649990000000004,,2.546794,0.3558860000000008,0.22632399999999997,2.9818160000000016,442.494916,1434.2529599999978,342.154838,1307.6668480136532,2211.026847977017,662.167520330047,0.3156105354679601,442.08660415810215,1487.6972576783794,356.5476228670311,2.500779041287158,0.3698116376537143,0.267025588092234,3.1376162670331063,-0.147187999999999,,2.9904282670331073,1.2131090937438618,1.504981500339627,1.2977520916566336
153,153,2053.0,10.940416800000023,182.4424910000007,9.566939999999988,,2.546086,0.35223400000000105,0.226701,2.9738940000000014,442.39214400000003,1425.6095399999979,342.2844470000001,1306.1330082645643,2183.062315331711,665.9513748022407,0.3116187697730432,441.89298152825927,1478.0115647422108,357.0252737130754,2.498435364797342,0.3658599225267968,0.268454203648402,3.1327494909725404,-0.15112699999999935,,2.981622490972541,1.214704518226151,1.5005498507951844,1.2975996646711707
154,154,2054.0,10.44415940000001,180.1594780000005,9.483890000000002,,2.545378,0.3485820000000004,0.22707800000000003,2.965972000000001,442.28937199999996,1416.966120000001,342.414056,1304.3836920604695,2155.4759468163493,669.6191327214625,0.3076809846906428,441.67215845722814,1468.4568513467543,357.4882692341971,2.495761190814803,0.3619485327198716,0.26983806163997603,3.1275477851746505,-0.15506599999999926,,2.9724817851746512,1.2159395171170682,1.49594964243121,1.2971424534581693
155,155,2055.0,9.947901999999996,177.8764650000012,9.400840000000015,,2.54467,0.3449300000000006,0.22745500000000002,2.95805,442.1866,1408.3227000000009,342.543665,1302.4177539983996,2128.2317553559224,673.1718080249315,0.3037920432862971,441.4239903562826,1459.0206531407323,357.9367374236829,2.4927542716321223,0.3580727492775578,0.2711776323999218,3.122004653309602,-0.1590050000000005,,2.9629996533096015,1.216851121828503,1.4911776058644077,1.2964058021989153
156,156,2056.0,9.45164460000019,175.59345200000098,9.317790000000002,,2.543962,0.3412780000000009,0.227832,2.950127999999999,442.08382800000004,1399.67928,342.67327400000005,1300.2345973141523,2101.297178498392,676.61040579458,0.29994729746949034,441.14840189352833,1449.6916919127154,358.370805156982,2.489413133077138,0.3542282760436216,0.27247337892238216,3.116114788043142,-0.16294400000000175,,2.95317078804314,1.217465452083937,1.4862310700927837,1.2954074813065024
157,157,2057.0,8.95538720000018,173.3104390000008,9.234739999999988,,2.543254,0.3376260000000011,0.22820900000000002,2.942206000000002,441.98105599999997,1391.03586,342.802883,1297.8338851269395,2074.642752518733,679.9359223343846,0.29614254147399943,440.845350543177,1440.4597627149947,358.79059820146745,2.485736633592409,0.35041120128320397,0.2737257570116097,3.1098735918872227,-0.16688299999999945,,2.9429905918872232,1.2178018256998178,1.481107721355954,1.2941605354400973
158,158,2058.0,8.459129800000165,171.0274260000006,9.151690000000002,,2.5425459999999998,0.3339740000000004,0.2285860000000001,2.9342840000000017,441.878284,1382.39244,342.93249199999997,1295.2154149257992,2048.241817536067,683.149345247036,0.29237396976517643,440.51481074147284,1431.315631729034,359.1962412261148,2.481723772336126,0.34661796268713163,0.27493521542686167,3.103276950450119,-0.17082199999999848,,2.9324549504501207,1.2178750652232575,1.4758054890195864,1.292674888124193
159,159,2059.0,7.962872400000151,168.74441300000132,9.068640000000016,,2.5418380000000003,0.3303220000000007,0.228963,2.926362000000001,441.7755119999998,1373.7490199999988,343.062101,1292.3790633616418,2022.0702506926168,686.2516535099267,0.2886381389528762,440.15676691757454,1422.2509438503105,359.5878578110943,2.4773736045505665,0.3428453154752335,0.2761021960233889,3.096321116049189,-0.17476099999999972,,2.9215601160491893,1.2176968722756436,1.4703224870016403,1.2909583005461827
160,160,2060.0,7.466615,166.4614,8.98559,,2.54113,0.32666999999999996,0.22934000000000002,2.9184400000000004,441.67274000000003,1365.1056,343.19171,1289.3247613485619,1996.1062247240332,689.2438175504834,0.28493193332884825,439.7712103504964,1413.2581390676203,359.96557045728036,2.472685203183262,0.3390903033365328,0.27722713388964754,3.0890026404094426,-0.17869999999999964,,2.910302640409443,1.2172766920252216,1.4646569799018325,1.2890169755094387
161,161,2061.0,6.959898099999828,165.9455419999999,8.989204000000003,,2.536512,0.324376,0.22950700000000002,2.9120380000000012,441.25352800000013,1359.660100000001,343.246915,1286.0422750108694,1972.097144504801,692.2134633208395,0.281504784232482,439.3568491778219,1404.942442122749,360.3404405335706,2.467641950578727,0.33560703313717827,0.27834301418676655,3.0815919979026716,-0.17835699999999877,,2.903234997902673,1.216622283316332,1.4611000742435483,1.2875208426852247
162,162,2062.0,6.453181199999933,165.429684,8.992818,,2.531893999999999,0.32208200000000003,0.229674,2.905636000000001,440.8343160000002,1354.2145999999989,343.30212,1282.5331205181112,1949.8569723498126,695.1607874858535,0.2783301359240923,438.91387479160187,1397.239417685582,360.71249286574437,2.4622451791674536,0.3323708921097169,0.2794499250807124,3.074065996357883,-0.1780139999999979,,2.896051996357885,1.2160920094409542,1.4574851122794072,1.2860960092641056
163,163,2063.0,5.946464299999831,164.913826,8.996432,,2.527276000000001,0.319788,0.229841,2.8992340000000016,440.415104,1348.7691,343.357325,1278.7981707307376,1929.217374400418,698.0859849927998,0.2753839597767457,438.44239737644705,1390.0907622583882,361.0817520627635,2.4564951674700315,0.3293594002967483,0.2805479537939514,3.066402521560731,-0.17767099999999925,,2.888731521560732,1.2155958472951316,1.453800964672567,1.2846753313345878
164,164,2064.0,5.439747399999941,164.397968,9.000046000000003,,2.5226580000000003,0.3174939999999999,0.230008,2.892832,439.99589199999997,1343.3236,343.41253,1274.838022939058,1910.026035882587,700.9892490863671,0.2726445137896927,437.94249233066455,1383.4437206548168,361.44824251866584,2.4503917023911175,0.3265520414703692,0.28163718661720805,3.058580930478695,-0.1773280000000006,,2.8812529304786945,1.2150832658803783,1.4500372424822876,1.283219919094932
165,165,2065.0,4.933030499999839,163.88211,9.00366,,2.518039999999999,0.3151999999999999,0.230175,2.886430000000001,439.5766800000002,1337.8781,343.467735,1270.6531575284396,1892.1451366894592,703.8707713235267,0.27009212498710616,437.4142202951905,1377.2505580082639,361.811988414442,2.443934321777858,0.32393010473741946,0.282717708921044,3.0505821354363216,-0.17698499999999795,,2.8735971354363237,1.2145237571086778,1.4461843395264875,1.2817053260098425
166,166,2066.0,4.426313599999948,163.3662519999998,9.007274,,2.5134220000000003,0.3129059999999999,0.23034200000000002,2.880028000000001,439.15746800000016,1332.4326,343.52294,1266.244006593988,1875.449972031388,706.7307415882759,0.2677089925243416,436.85763581509104,1371.4680820252797,362.17301371989646,2.437122419164261,0.32147653664112263,0.28378960516726603,3.04238856097265,-0.17664199999999886,,2.865746560972651,1.213897555030383,1.4422334106695356,1.2801149531657372
167,167,2067.0,3.9195966999998455,162.8503939999998,9.010888,,2.508804,0.3106119999999999,0.23050900000000002,2.8736260000000016,438.73825600000015,1326.9871,343.578145,1261.6109837349375,1859.8277043484934,709.5693481062463,0.26547900953108494,436.2727911006258,1366.0572107025816,362.53134219549173,2.429955289045138,0.31917580347089464,0.28485295892015444,3.033984051436187,-0.17629899999999843,,2.8576850514361887,1.2131909844869966,1.4381763253179365,1.2784367333279691
168,168,2068.0,3.412879799999955,162.33453599999982,9.014502,,2.5041860000000007,0.3083179999999999,0.23067600000000002,2.867224,438.31904400000013,1321.5416,343.63335,1256.7544970838069,1845.1762339944364,712.3867774591876,0.2633876019083925,435.6597376719694,1360.9825811812264,362.88699739417655,2.422432146426783,0.31701376341657816,0.2859078528575243,3.0253537627008855,-0.17595600000000022,,2.8493977627008853,1.2123940107405484,1.4340056129246317,1.2766613753739326
169,169,2069.0,2.9061628999998543,161.8186779999999,9.018116,,2.499568,0.3060239999999999,0.230843,2.860822000000001,437.8998320000002,1316.0961000000011,343.688555,1251.6749550690074,1831.4031773888414,715.1832145993262,0.2614215824662048,435.01852708664796,1356.2121958232342,363.24000266319854,2.4145521351975994,0.31497754814797263,0.2869543687816235,3.0164840521271956,-0.1756129999999989,,2.8408710521271967,1.2114988851722663,1.4297144076101223,1.2747813866792446
170,170,2070.0,2.399446,161.30282,9.02173,,2.49495,0.30373,0.23101,2.85442,437.48062000000004,1310.6506,343.74376,1246.3727690052795,1818.4249424113718,717.958842863594,0.2595690189415162,434.3492112665404,1351.7171019684718,363.59038114590044,2.4063143315913913,0.31305545336226703,0.28799258762985996,3.0073623725835184,-0.17526999999999937,,2.832092372583519,1.2104993623969553,1.4252963948270392,1.2727905018016796
171,171,2071.0,2.2024037000000027,160.679605,9.001662999999994,,2.488361999999999,0.3026339999999998,0.231134,2.849791,436.89421699999997,1308.126,343.785522,1241.158013555328,1806.0585347836939,720.6901629877381,0.2578037900223123,433.6909321570007,1347.4339183900297,363.93516643764525,2.398199974351481,0.3112208984771254,0.2890137380860109,2.998434610914617,-0.1723389999999987,,2.8260956109146185,1.209390228600661,1.4222784273094318,1.2711278062262046
172,172,2072.0,2.0053613999999915,160.0563900000002,8.981595999999996,,2.481774,0.3015379999999999,0.231258,2.8451619999999984,436.30781399999995,1305.6014,343.82728399999996,1235.9923176018717,1794.2457314354865,723.3775619399443,0.2561175847220384,433.0388460208377,1343.342479158869,364.2744073869505,2.3901498032957678,0.3094656570485099,0.2900179893062031,2.989633449650481,-0.16940800000000156,,2.8202254496504793,1.208402249088952,1.4193241734977178,1.2695696071674942
173,173,2073.0,1.8083190999999803,159.4331750000001,8.961528999999997,,2.475185999999999,0.3004419999999999,0.231382,2.840532999999999,435.72141100000005,1303.0768,343.86904599999997,1230.8563006652898,1782.9338499541273,726.0214233087847,0.254502882949083,432.39050638381303,1339.4245373878248,364.6081524157117,2.3821338567662376,0.3077822578022289,0.2910055084600254,2.980921623028492,-0.16647699999999999,,2.814444623028492,1.2074855400221542,1.4164148787927846,1.268075048265637
174,174,2074.0,1.6112768000000206,158.80996000000002,8.941461999999994,,2.468597999999998,0.2993459999999999,0.231506,2.835903999999999,435.135008,1300.5522,343.91080800000003,1225.7389094215496,1772.0752213214055,728.6221273327344,0.252952880243165,431.74451794132017,1335.663582610628,364.93644952292846,2.374135016969586,0.3061639170558246,0.2919764607594232,2.9722753947848335,-0.16354599999999886,,2.8087293947848346,1.2066106158629488,1.4135385975350983,1.2666197305478721
175,175,2075.0,1.4142345000000092,158.1867450000002,8.921394999999997,,2.462009999999999,0.2982499999999999,0.23163000000000003,2.831275,434.548605,1298.0276,343.95257000000004,1220.6328207538975,1761.6267128259624,731.1800509294306,0.2514614196740152,431.099956267502,1332.0446755396101,365.2593462883979,2.366141906508894,0.30460447687452596,0.2929310094870575,2.9636773928704776,-0.16061499999999862,,2.803062392870479,1.20575891910987,1.4106865869593836,1.2651879427862291
176,176,2076.0,1.2171921999999977,157.5635300000001,8.901327999999998,,2.455421999999999,0.2971539999999999,0.231754,2.826645999999998,433.9622019999998,1295.503,343.994332,1215.5324559036405,1751.5492963766187,733.6955677246726,0.25002293022074645,430.4561171336869,1328.5542985482884,365.5768898763756,2.3581458163797424,0.30309834853070483,0.2938693160241363,2.955113480934583,-0.15768400000000105,,2.797429480934582,1.2049180401273152,1.4078517327179283,1.263768810978593
177,177,2077.0,1.0201498999999863,156.94031500000008,8.881260999999993,,2.448834,0.2960579999999999,0.23187800000000003,2.822016999999999,433.37579899999986,1292.9784,344.036094,1210.4331186748184,1741.8076578961216,736.1690480811748,0.2486323710151991,429.8124077205709,1325.1802203824195,365.88912703920505,2.350139372104701,0.3016404608583211,0.2947915398777394,2.9465713728407614,-0.15475300000000125,,2.79181837284076,1.2040791890083227,1.405027851613438,1.262354301163806
178,178,2078.0,0.8231076000000271,156.31710000000018,8.861193999999998,,2.442245999999999,0.2949619999999999,0.23200199999999999,2.817387999999999,432.78939599999984,1290.4538,344.077856,1205.3306177331103,1732.3698438859888,738.6008591270626,0.2472851808912481,429.16829893952263,1321.9113737454936,366.1961041209148,2.342115949464919,0.3002262131167988,0.2956978387076369,2.9380400012893544,-0.15182200000000012,,2.7862180012893543,1.2032358003855497,1.4022093738479586,1.2609381366896482
179,179,2079.0,0.6260653000000155,155.6938850000001,8.841126999999991,,2.435657999999998,0.29386599999999996,0.23212600000000003,2.812758999999998,432.2029929999998,1287.9292,344.119618,1200.221097578377,1723.2069416251566,740.9913647841228,0.24597723273511168,428.52330409558147,1318.7377445335121,366.49786706078453,2.334069413732584,0.29885143200216835,0.29658836835262015,2.9295092140873726,-0.14889099999999988,,2.7806182140873728,1.2023827331097978,1.3993911901657992,1.2595151856560383
180,180,2080.0,0.429023,155.07067,8.821059999999997,,2.4290700000000003,0.29277,0.23225,2.80813,431.61659000000003,1285.4046,344.16138,1195.1009596482033,1714.2927898017488,743.3409257958054,0.24470479217980856,427.87696892804706,1315.6502716104699,366.7944613968802,2.3259939987385483,0.2975123324666212,0.2974632828563578,2.9209696140615273,-0.14596000000000053,,2.775009614061527,1.2015157946097885,1.3965685712871738,1.2580810998462302
181,181,2081.0,0.2877647000000191,154.4069890000001,8.797063999999997,,2.422675,0.2919959999999999,0.232275,2.803214000000001,431.0554030000001,1283.6923,344.171327,1190.0226007458687,1705.5632506818765,745.6459707549856,0.24345870395680347,427.2359076916697,1312.6267404661528,367.0854362964207,2.3179724185450814,0.29619939226234504,0.29832127232517563,2.912493083132602,-0.14373199999999908,,2.768761083132603,1.2006314487917074,1.3934238968082706,1.2565412587165108
182,182,2082.0,0.146506399999982,153.7433080000001,8.773068000000002,,2.41628,0.2912219999999999,0.2323,2.7982980000000013,430.49421600000016,1281.98,344.18127400000003,1184.975843835378,1697.0007560440072,747.9068884456636,0.24223646031011503,426.5988356991313,1309.6610662358019,367.37084083714103,2.30998882261168,0.29491005792694325,0.2991625017838823,2.904061382322505,-0.14150399999999852,,2.7625573823225067,1.1996785557706942,1.3903017838133649,1.2549592919030688
183,183,2083.0,0.0052480999999970634,153.0796270000001,8.749071999999998,,2.409884999999999,0.290448,0.232325,2.793382000000001,429.9330290000003,1280.267699999999,344.191221,1179.9541117986973,1688.5894095039312,750.1240642563722,0.24103579212829285,425.9649226949301,1306.7477431060997,367.65072366815275,2.302032971417988,0.29364201458637545,0.29998713433789026,2.8956621203422537,-0.13927599999999796,,2.7563861203422557,1.1986755670645692,1.3871959961854137,1.2533464915096142
184,184,2084.0,-0.13601019999998823,152.4159460000001,8.725076000000001,,2.40349,0.289674,0.23235,2.788466000000001,429.37184200000013,1278.5554,344.201168,1174.9524949502024,1680.314827418403,752.2978802098244,0.23985464623439434,425.33354891012175,1303.8817892111397,367.92513301368683,2.2940972109750133,0.29239316380343583,0.300795331200735,2.887285705979184,-0.13704799999999917,,2.7502377059791847,1.1976324685618454,1.3841017069911692,1.2517085477063492
185,185,2085.0,-0.27726850000002534,151.7522650000001,8.701079999999997,,2.397095,0.2888999999999999,0.232375,2.78355,428.81065500000017,1276.8431,344.211115,1169.9669132220067,1672.163994928807,754.4287149923123,0.23869116483709452,424.70419930167475,1301.0586967722384,368.1941166768048,2.28617516038962,0.29116160345235376,0.3015872517210882,2.8789240155630615,-0.13482000000000038,,2.744104015563061,1.1965548971830633,1.3810148278619014,1.2500482770799264
186,186,2086.0,-0.4185268000000103,151.08858400000008,8.677084,,2.3907000000000007,0.2881260000000001,0.2324,2.778634,428.24946800000015,1275.130799999999,344.221062,1164.9937497542837,1664.125135704077,756.516943982845,0.237543666937289,424.0764172991345,1298.2743869825704,368.4577220430767,2.2782611381785856,0.2899456094396529,0.3023630534092806,2.870569801027519,-0.13259200000000115,,2.737977801027518,1.195446108597813,1.3779317110907203,1.248366933320756
187,187,2087.0,-0.5597850999999952,150.42490300000009,8.653087999999997,,2.384304999999999,0.2873520000000001,0.232425,2.773718000000001,427.68828100000013,1273.4185,344.231009,1160.0296876554637,1656.1875940792177,758.562939282034,0.2364106315040859,423.44978419822064,1295.525169185099,368.7159960842276,2.270349907363866,0.2887436191063879,0.30312289196334435,2.862216418433598,-0.13036399999999837,,2.7318524184335997,1.1943079734358621,1.3748490130076476,1.24666487491168
188,188,2088.0,-0.7010434000000323,149.76122199999992,8.629092,,2.37791,0.286578,0.23245,2.7688020000000013,427.12709400000017,1271.7062,344.240956,1155.0716344834639,1648.3417284098275,760.5670697407228,0.23529068225182248,422.8239096277947,1292.8077039352409,368.9689853617515,2.262436558321614,0.2875542161607887,0.30386692129458603,2.853857695776989,-0.1281359999999987,,2.7257216957769903,1.193141512586078,1.3717636274514629,1.2449419258970398
189,189,2089.0,-0.8423017000000176,149.0975409999999,8.605096000000003,,2.371515,0.2858039999999999,0.232475,2.763886000000001,426.56590700000015,1269.993899999999,344.250903,1150.116684750438,1640.578814575279,762.5297009883726,0.23418257386573232,422.1984268166879,1290.118969578581,369.21673603049464,2.2545164513463503,0.2863761170032308,0.3045952935526988,2.84548786190228,-0.12590799999999858,,2.7195798619022815,1.1919472020983242,1.3686726499946564,1.2431975819882606
190,190,2090.0,-0.98356,148.43386,8.5811,,2.36512,0.28503,0.2325,2.75897,426.00472,1268.2816,344.26085,1145.1620990500614,1632.8909586647908,764.4511954611942,0.23308517953841754,421.5729899588555,1287.4562320091404,369.4592938422069,2.246585185281398,0.28520815831736823,0.30530815915042925,2.8371015027491953,-0.12367999999999979,,2.7134215027491955,1.19072515650491,1.3655733559236314,1.2414311343363393
191,191,2091.0,-1.0391971999999952,147.7951840000001,8.553065999999987,,2.359266000000002,0.2843640000000001,0.23242,2.754446999999999,425.49379400000004,1266.81628,344.236395,1140.2909152535458,1625.2960229725122,766.3278744300366,0.23200104900292584,420.95808125167844,1284.8256779455917,369.6961944164251,2.238775948851036,0.28405309068690465,0.30600416944482256,2.828833208982763,-0.12160300000000301,,2.70723020898276,1.1894752444496905,1.3624574869745667,1.2396400947819046
192,192,2092.0,-1.0948344000000014,147.156508,8.525031999999989,,2.3534120000000023,0.283698,0.23234000000000002,2.749924,424.98286800000017,1265.35096,344.21193999999997,1135.4899699471503,1617.7851649705615,768.160129294182,0.23092892004257967,420.3520390256192,1282.2242447224166,369.92748716102176,2.231068145528343,0.2829096081645403,0.30668348594693795,2.820661239639821,-0.11952600000000269,,2.7011352396398185,1.188196290159396,1.3593900948530482,1.2378424935205552
193,193,2093.0,-1.1504715999999942,146.517832,8.496997999999993,,2.3475580000000007,0.283032,0.23226,2.745400999999999,424.47194199999984,1263.88564,344.187485,1130.7514821535701,1610.3503836088419,769.9483480346003,0.22986765055650052,419.7538810572812,1279.6491611252568,370.15322105236186,2.223449711721659,0.2817765272342416,0.3073462683039505,2.8125725072598513,-0.11744900000000191,,2.6951235072598494,1.1868976397776694,1.3563645930824195,1.236043056236047
194,194,2094.0,-1.2061088,145.879156,8.468963999999987,,2.3417040000000022,0.2823660000000001,0.23218000000000003,2.7408779999999986,423.96101600000003,1262.42032,344.16303,1126.0700978769964,1602.9844392378411,771.6929152438044,0.22881620712907974,419.1629314906961,1277.0979196556668,370.3734446390725,2.2159124192109485,0.2806527753515575,0.3079926743255302,2.804557868888036,-0.1153720000000038,,2.6891858688880323,1.185584675445581,1.3533763803224603,1.2342442698598761
195,195,2095.0,-1.2617460000000063,145.2404799999999,8.440929999999987,,2.335850000000001,0.2817000000000001,0.2321,2.736355,423.45009000000005,1260.955,344.138575,1121.4416124495494,1595.680781151789,773.3942121554395,0.22777365468720062,418.5786595540849,1274.5682514352275,370.5882060457774,2.208449842681123,0.27953738054849075,0.30862286000973216,2.796610083239346,-0.11329500000000126,,2.6833150832393446,1.184260697671437,1.350421812279101,1.2324474209076595
196,196,2096.0,-1.317383199999999,144.6018040000001,8.412895999999987,,2.329996000000001,0.281034,0.23201999999999998,2.731831999999999,422.93916399999983,1259.4896800000001,344.11412,1116.8624152114442,1588.4334820269878,775.052616673623,0.22673914714172988,418.00060945964856,1272.0581034978482,370.7975529768011,2.201056476357212,0.27842946200546786,0.3092369795684379,2.7887229179311173,-0.11121800000000182,,2.6775049179311154,1.1829278145929947,1.3474977524047353,1.2306530965583995
197,197,2097.0,-1.3730204000000046,143.9631280000001,8.384861999999991,,2.324142000000002,0.280368,0.23194,2.727309,422.42823799999996,1258.02436,344.08966499999997,1112.3292453293946,1581.2371785991684,776.6685034020188,0.2257119189195466,417.42836957956456,1269.5656182429925,371.0015327198388,2.19372734625985,0.2773282215016165,0.3098351854523271,2.7808907532137934,-0.10914100000000193,,2.6717497532137915,1.181587393831213,1.3446013724693047,1.2288614476362596
198,198,2098.0,-1.4286575999999978,143.3244520000001,8.356827999999991,,2.318288000000001,0.2797019999999999,0.23185999999999998,2.722785999999999,421.91731200000004,1256.55904,344.06521000000004,1107.8390817829966,1574.0870179861372,778.2422436726662,0.2246912773014573,416.8615585585343,1267.0891148441872,371.2001921495956,2.1864578364004994,0.2762329356624928,0.3104176283754164,2.7731084004384083,-0.10706400000000205,,2.6660444004384063,1.180240311397438,1.3417300612011078,1.2270723388405023
199,199,2099.0,-1.4842948000000038,142.685776,8.328793999999986,,2.312434000000001,0.2790360000000001,0.23178,2.718262999999999,421.4063859999998,1255.0937199999998,344.040755,1103.3890913468408,1566.9786091184994,779.774205574548,0.22367659548920496,416.2998187473606,1264.6270724267456,371.39357773139284,2.1792436074959296,0.2751429489316755,0.31098445733915697,2.7653710137667624,-0.10498700000000216,,2.6603840137667603,1.1788871002401853,1.3388813798535202,1.2252854413280523
200,200,2100.0,-1.5399319999999999,142.0471,8.30076,,2.30658,0.27837,0.2317,2.71374,420.89545999999996,1253.6284,344.0163,1098.7539344684512,1559.9079787923624,781.2647539819183,0.0,415.71470464723313,1262.1781148463433,371.58173552474415,2.1717188327144483,0.27405766719928815,0.31153581965611055,2.7573123195698472,-0.10291000000000006,,2.654402319569847,1.1775280454396162,1.3358709952854346,1.2234475008949035
